email,create_count,delete_count,read_count,update_count
aabdttr@nbjcjk.com,0,0,0,1
aacpo@nnvimxk.com,0,1,0,0
aamcjpz@plrj.com,1,0,0,0
aamhuheq@gqrfk.com,0,1,0,0
aaqvljn@rqjdwh.com,1,0,0,0
aaxlumsq@mgbtng.com,0,1,0,0
aaxyuqybg@szgwna.com,0,1,0,0
aazwg@gtrreb.com,0,1,0,0
abdoo@yynn.com,0,0,0,1
abtrqyvom@gwgowz.com,1,0,0,0
abwfwbkh@ioofk.com,0,0,1,0
abybmygfmz@jzdb.com,0,1,0,0
acldwuhp@gcdmkz.com,1,0,0,0
acmzqff@kxmscbu.com,0,1,0,0
acpcnaxpw@dlhhxxc.com,1,0,0,0
acrbhvvvh@gaisxn.com,0,0,1,0
adidsg@oeydofa.com,0,0,1,0
adiqe@mszeqn.com,0,0,1,0
adtegli@ykmzv.com,0,1,0,0
adtxr@cck.com,0,1,0,0
aeato@lyfhl.com,0,1,0,0
aeconymqsj@dchcfq.com,0,0,1,0
aedkv@wojc.com,1,0,0,0
aeigjozemj@zoj.com,0,0,1,0
aejcwmaro@zpwq.com,0,1,0,0
aekusht@tgyxk.com,0,0,1,0
aelxwxe@nsv.com,1,0,0,0
aenele@oafmm.com,0,0,0,1
aevvthducy@ctz.com,0,0,1,0
aexzoqqm@jqpa.com,1,0,0,0
aezsvtriv@lji.com,0,0,1,0
affuse@wsd.com,0,1,0,0
afjsege@bnmesy.com,0,0,1,0
afkpk@itrh.com,0,0,1,0
aflqxhxeny@qyt.com,0,0,0,1
afougn@bjdtgbl.com,1,0,0,0
aftcm@goj.com,1,0,0,0
aftyoou@mckbpv.com,0,1,0,0
afyjjtg@juix.com,0,1,0,0
agbsome@ebz.com,1,0,0,0
agcjivi@pye.com,0,1,0,0
agkgadjoq@psmrnpn.com,0,0,0,1
agklqvr@gxjctm.com,0,0,1,0
agkrze@wmu.com,0,0,0,1
agnerpxf@jfawg.com,0,0,0,1
agpbdhvb@pdsk.com,0,0,1,0
agqfzc@tehz.com,0,0,0,1
agsnwnvuz@tmua.com,0,1,0,0
ahaxswpbgo@uxposef.com,0,1,0,0
ahkrfak@ncpvt.com,0,0,0,1
ahmivjreo@dorp.com,0,1,0,0
ahmqqnw@alhjb.com,0,0,1,0
ahxqpl@nxpx.com,0,0,1,0
aicvuf@vvx.com,0,1,0,0
aihmc@fusvb.com,0,1,0,0
aijddd@hpdmik.com,0,1,0,0
aijvf@rlnmzrl.com,0,0,1,0
aiqfsm@njefyfu.com,0,0,0,1
aisojl@rxisbk.com,0,0,0,1
aitydqangt@vhjjj.com,0,0,1,0
aiwrjzdeau@pnjpv.com,0,1,0,0
ajbzbb@dvqlu.com,0,0,0,1
ajeceq@pwt.com,0,0,0,1
ajgdlsxaj@ukzdhg.com,1,0,0,0
ajhsq@gjayfh.com,0,0,0,1
ajkgytdq@reyha.com,1,0,0,0
ajqixzlcg@fzkpk.com,0,0,0,1
ajuvzpyhk@dfl.com,0,0,1,0
ajwtbbubk@nnzv.com,0,1,0,0
ajzejrvort@edlhhqw.com,0,1,0,0
ajzovnv@weurwo.com,0,1,0,0
akijdapg@gaypn.com,0,1,0,0
akipax@iii.com,0,0,0,1
akntlmahqv@iaquobw.com,0,1,0,0
akprknw@oyihulc.com,0,1,0,0
aksqvvay@xsasrsm.com,0,0,0,1
aljdanor@yoxyr.com,0,1,0,0
alnpjvnd@uqmxd.com,1,0,0,0
alnwr@ddyxq.com,0,0,1,0
alsjye@zommp.com,0,0,1,0
alvdi@tgsfeeb.com,0,0,1,0
alxrzklfet@nuqz.com,0,0,0,1
ambaw@yvxrfsp.com,0,1,0,0
amemt@jyvbl.com,1,0,0,0
amssuhqub@jfcljen.com,0,0,1,0
amtpysssvm@rokq.com,0,0,0,1
anahw@frxahxu.com,1,0,0,0
anlrxrcjtg@subil.com,0,0,1,0
anoqisfupw@pgiydn.com,0,0,0,1
anuouddw@axfruz.com,0,0,1,0
aobbagxpn@gmvu.com,0,0,1,0
aocyne@qmuhuk.com,1,0,0,0
aodpf@ere.com,0,1,0,0
aofjco@svqo.com,0,0,0,1
aojokvje@pbwqa.com,0,0,0,1
apayse@izj.com,0,0,0,1
apeftoor@dfvqv.com,0,0,0,1
apres@luvti.com,0,0,1,0
apukjgziu@mwd.com,0,0,0,1
apunrp@khlj.com,0,0,1,0
apvvmkpwmt@gmuqab.com,0,0,0,1
apwdkaofxs@hck.com,0,1,0,0
apxrwpqwse@dun.com,0,1,0,0
apzhnvu@gcgjdfm.com,0,0,0,1
apzivp@kzk.com,0,0,1,0
apzzy@izpoj.com,0,1,0,0
aqjiq@vkl.com,0,0,0,1
aqkpkbkg@xxkh.com,0,1,0,0
aqmlmgza@ntolm.com,1,0,0,0
aqtgtqylax@hbft.com,1,0,0,0
arewpos@bfijkg.com,0,0,1,0
arjsd@ltlogfl.com,0,0,1,0
armtqqdi@jdth.com,0,0,0,1
arpbfvlfo@kwqlrzl.com,0,0,0,1
aryuvzbc@rmc.com,0,1,0,0
asemkgxap@mnmwkn.com,0,0,0,1
asfdaiaf@iafdf.com,1,0,0,0
asgazxrhf@fcms.com,0,0,1,0
ashggpqr@uzb.com,0,1,0,0
asvuiia@lnlf.com,1,0,0,0
aswotfwfql@dcwtcnj.com,0,0,0,1
asywqjgls@xpy.com,0,0,1,0
atbnjjeium@uwy.com,1,0,0,0
atcgjl@xvlqov.com,0,0,0,1
atksupkdq@kob.com,1,0,0,0
atkwcko@rxsczta.com,0,0,0,1
atlckhxnj@rpaafh.com,1,0,0,0
atldkzckcw@dffth.com,0,1,0,0
atxwgwlko@qrqn.com,0,0,0,1
atyrens@fsqvepa.com,0,0,1,0
augpk@mhfki.com,0,0,1,0
auipgbnofw@mfysb.com,1,0,0,0
aujjfmzfvq@lsjhbhh.com,0,0,1,0
aujltcs@ljh.com,0,1,0,0
auobsgkb@aqszzu.com,1,0,0,0
auwibgl@odemkry.com,1,0,0,0
auwstu@jcg.com,0,1,0,0
auzku@rpxcg.com,0,0,1,0
avbglkbjxd@xarx.com,0,0,0,1
avcme@omerax.com,0,0,0,1
avjvtekt@hkudoid.com,1,0,0,0
avuebholj@dfsfs.com,0,0,1,0
awdhrowp@dcg.com,0,0,1,0
awhtkdkh@wulojlu.com,0,0,0,1
awijzm@wwkjlrc.com,1,0,0,0
awkvvkv@jfnl.com,1,0,0,0
awpcl@ktphlhh.com,1,0,0,0
awpov@lmjjh.com,0,0,1,0
awtam@fdemg.com,1,0,0,0
awurdqr@qixqhvc.com,0,0,1,0
awzaxx@lvy.com,0,0,0,1
axamhcnk@urlt.com,0,0,0,1
axhfrd@pgdcj.com,1,0,0,0
axhmfnchor@gakh.com,1,0,0,0
axkobmp@dvky.com,1,0,0,0
axnbudib@askfvmh.com,0,1,0,0
ayaixg@muifjc.com,1,0,0,0
aybeag@wzf.com,0,1,0,0
aycfqwdaou@xcgy.com,1,0,0,0
aycqjcjo@gyz.com,1,0,0,0
ayiamlr@oas.com,0,0,0,1
ayzwbuotq@poq.com,1,0,0,0
azbdcbk@xkrh.com,1,0,0,0
azpomxxrmz@bgs.com,0,0,0,1
aztiir@seca.com,0,1,0,0
aztnrwgv@vnj.com,1,0,0,0
babab@tccp.com,0,0,0,1
baijipc@iow.com,0,1,0,0
balwm@ebu.com,0,0,1,0
baphm@rdp.com,1,0,0,0
bbekbnk@dozwpv.com,0,0,1,0
bbepif@ycbyba.com,0,1,0,0
bbkuxuc@rovzt.com,0,1,0,0
bbljqxna@hswom.com,0,1,0,0
bbrugjekq@frwna.com,0,0,0,1
bbvwewg@rbmrkx.com,0,0,1,0
bcdlacgp@avostgy.com,0,1,0,0
bcmquwh@wpmkbl.com,0,1,0,0
bcxioauunf@nkona.com,0,0,0,1
bcxjf@ftxvmj.com,0,0,1,0
bdfmfkxqm@mfkx.com,0,1,0,0
bdijeor@uqgwyz.com,1,0,0,0
bdiresgnq@vfkq.com,0,1,0,0
bdrmjdzh@okimkt.com,0,0,0,1
bduoapi@xmzijl.com,1,0,0,0
bdzfx@rpf.com,1,0,0,0
bedmpl@qjr.com,0,0,1,0
befadqxb@mvvgzqq.com,0,0,1,0
beoijo@nihwea.com,0,1,0,0
beymtrl@end.com,0,1,0,0
bfabcalj@kdahdw.com,0,0,0,1
bfeptmihzv@qao.com,0,1,0,0
bfjbfk@rcodsk.com,0,0,0,1
bfltajwdyf@svzebr.com,0,1,0,0
bfnntn@icvtnlo.com,0,0,1,0
bfpkqgzmxh@amppg.com,0,1,0,0
bfygiqno@deiu.com,0,0,1,0
bgfba@ajc.com,1,0,0,0
bgmjvdcbzo@pevdtu.com,0,1,0,0
bhfzptkj@bny.com,1,0,0,0
bhgoaop@eoyjuay.com,0,0,1,0
bhkyfle@bkjpo.com,1,0,0,0
bhqzttszmx@hxaddc.com,0,1,0,0
bhtdxp@asxmzg.com,1,0,0,0
bhwaea@gtardf.com,0,0,1,0
bhxbyoma@evlp.com,1,0,0,0
bifbx@qddyias.com,0,0,1,0
bigch@dlgw.com,1,0,0,0
bighbo@tzrdmm.com,1,0,0,0
bigqtyhfec@tij.com,0,0,0,1
bimraywus@pgb.com,0,0,1,0
binrxqaqvb@fhe.com,1,0,0,0
bipuin@fpcaun.com,0,0,1,0
birqg@ywjdxjy.com,1,0,0,0
biynh@ujexq.com,0,0,0,1
bjkjh@unqnmid.com,1,0,0,0
bkcmmtpf@myfe.com,1,0,0,0
bkcupsbsl@sdvsd.com,0,1,0,0
bkhmcfqq@fpjdkdr.com,0,0,0,1
bknnkith@ehhrmk.com,0,0,0,1
bkpdhyhx@mjxr.com,0,1,0,0
bkskuph@uwoa.com,0,0,1,0
bkssu@mpa.com,0,0,1,0
bkujf@nzffhf.com,0,0,1,0
bkxdv@szbgl.com,0,0,1,0
blabmi@gppeku.com,0,1,0,0
bljxedr@ujafm.com,0,1,0,0
blmnr@mzajg.com,0,0,1,0
blofmca@oqwnihu.com,0,0,1,0
blsfbf@axapzt.com,1,0,0,0
bltjd@hxjugmx.com,0,0,0,1
bluzu@patln.com,0,0,1,0
bmjtuzxcdc@utj.com,1,0,0,0
bmlkwtyf@ksrbys.com,0,0,1,0
bmqfss@esz.com,0,1,0,0
bmsnqgs@uakvnwy.com,0,0,1,0
bmsutzzllm@uqun.com,0,0,1,0
bmwwaoyi@obfgj.com,0,1,0,0
bmzihvsflf@xaxsuu.com,1,0,0,0
bnsvulyli@ncz.com,1,0,0,0
boabtutah@mqfswhu.com,0,0,1,0
boapjz@daab.com,0,0,0,1
bocrr@emrzre.com,0,0,1,0
bohwckgk@tbh.com,0,0,0,1
booaayo@lzljls.com,0,1,0,0
borqzg@axgsd.com,0,1,0,0
bostncq@zxoqj.com,1,0,0,0
bpadvt@sjbudf.com,0,0,0,1
bpbffv@cpty.com,0,1,0,0
bpeouy@szk.com,0,0,0,1
bpexs@snpvlhp.com,1,0,0,0
bpfllgcw@wvojig.com,0,1,0,0
bpiwbvcul@nbgitv.com,1,0,0,0
bplgpsgmjw@soal.com,0,1,0,0
bpveonww@xsdccur.com,0,0,1,0
bpxfig@pxizoz.com,0,0,0,1
bqbfma@ybjoj.com,1,0,0,0
bqeiua@xlewed.com,0,1,0,0
bqmlpp@uskga.com,0,0,1,0
bqpee@pgl.com,0,1,0,0
bqrmgdoo@bgehwio.com,0,0,0,1
bqsjj@zazpaes.com,0,1,0,0
brhfqmtcoy@llmmyn.com,0,0,0,1
brlytw@ppvlng.com,0,1,0,0
brnqwenmm@tsqzvv.com,0,0,1,0
broaxgnc@wmhdl.com,0,1,0,0
brvnlcgwck@ggcy.com,0,0,0,1
brxpkofzfn@kxkeqd.com,0,0,0,1
bsaeoapryt@udnurjm.com,0,0,1,0
bsecqo@zsbzg.com,0,1,0,0
bsrntf@aph.com,0,1,0,0
bsznpmxc@bfgmg.com,1,0,0,0
btolft@mnib.com,0,1,0,0
btwcz@awgkym.com,0,1,0,0
btwiwa@wqg.com,0,1,0,0
btzsmqs@eoyukk.com,0,0,0,1
bubwfpfww@jkagotx.com,0,0,0,1
budammdhvs@dxykg.com,1,0,0,0
buefksmo@hphke.com,0,1,0,0
buqguplan@ahe.com,1,0,0,0
buvflpcssv@gsnl.com,1,0,0,0
buwsycwar@huexxgl.com,0,0,0,1
buxxvhlxdo@jgxspeh.com,0,1,0,0
buzrqh@bajlc.com,0,0,0,1
bvhcrtom@luy.com,0,0,1,0
bvnbbc@oab.com,0,0,0,1
bvrqbqyx@xslne.com,0,0,1,0
bwiaknage@piyq.com,0,0,1,0
bwqculobk@xhrwijy.com,0,0,0,1
bwrxptcin@wraz.com,1,0,0,0
bwxkef@lyowrey.com,0,1,0,0
bwydvbs@loiw.com,0,0,0,1
bwzvqppi@fbyaes.com,0,0,1,0
bxdvmcin@ydcmwu.com,0,0,1,0
bximexalpi@xhivd.com,1,0,0,0
bxpcdr@kiqxj.com,0,0,1,0
bxqzzbcrfj@qwo.com,0,0,1,0
bxzana@bnkq.com,0,0,1,0
bydnlnyw@udx.com,0,0,0,1
byenutm@mbcl.com,0,0,1,0
bykdsa@aodqx.com,0,0,1,0
bymefhrl@wxsj.com,0,0,1,0
byrup@rwsvodw.com,0,1,0,0
bziijaugmz@nsg.com,0,0,1,0
bzlyr@tbnnwfy.com,0,0,0,1
bzsgckaclk@mhf.com,0,0,0,1
cacdyohc@yuk.com,0,0,0,1
camwlmqp@aocyhg.com,0,0,0,1
camzv@iaz.com,0,1,0,0
cauvg@nzmm.com,1,0,0,0
cavrh@seywp.com,1,0,0,0
cbhoxuxx@ihfhbju.com,0,1,0,0
cbimlekw@dnsz.com,1,0,0,0
cbjef@fbestbt.com,0,0,0,1
cbjrlkw@jtt.com,0,0,0,1
cbmjt@mqwglda.com,1,0,0,0
cbmmfhrg@iryig.com,0,1,0,0
cbnbe@jcnmzgj.com,0,0,0,1
cboudjari@iaqvn.com,0,0,1,0
cbpzoutup@bbhcuv.com,0,0,1,0
cbvqtj@sjbhb.com,0,1,0,0
ccckmxis@rdgx.com,0,1,0,0
ccejwh@idpiw.com,0,0,1,0
ccjsqf@hnqygg.com,1,0,0,0
cckdebjzy@olm.com,1,0,0,0
ccnjowsguy@dut.com,0,0,0,1
ccpcqsgvfb@xkf.com,0,0,0,1
ccttkalaot@yid.com,0,0,1,0
ccvsnqfdh@uib.com,0,0,1,0
cczuh@bsaiwwg.com,0,1,0,0
cdfsl@frhy.com,0,1,0,0
cdngq@tqk.com,0,0,1,0
cdpwvb@bin.com,0,0,1,0
cdvck@czagbe.com,0,1,0,0
ceftdnuvff@cvsuzf.com,0,1,0,0
cepvn@kfdhh.com,0,1,0,0
ceraeie@cqgo.com,0,0,0,1
cetymd@aelkx.com,0,0,0,1
cewawnjwrc@bbtqp.com,1,0,0,0
cfmvo@nopi.com,0,0,1,0
cfrpkfg@qdgpw.com,0,0,0,1
cfwopkjum@gbz.com,0,0,1,0
cgauu@qpvndvb.com,0,0,0,1
cgeepr@zjclbro.com,0,1,0,0
cgyocpzzen@huexb.com,0,0,1,0
chhvek@ypk.com,0,0,0,1
chjgoyn@epebl.com,0,0,1,0
chlgzpn@ajvfivm.com,1,0,0,0
chopt@dmcc.com,0,0,1,0
chynwz@xyhud.com,0,0,1,0
cicmbc@dhrnget.com,0,1,0,0
cihtvevf@rkevaam.com,0,0,1,0
cilyhsnbt@kplpw.com,0,0,1,0
ciwevrijf@flgizni.com,0,1,0,0
cixndsme@dgup.com,0,1,0,0
ciyte@mye.com,0,1,0,0
cjawaeqp@rhf.com,0,0,1,0
cjkya@awzrg.com,0,1,0,0
cjwzxrj@nemutfa.com,1,0,0,0
ckaft@lbbznr.com,0,0,0,1
ckdskd@lfar.com,0,0,1,0
ckeuzwlocu@apyd.com,0,0,1,0
ckjidj@tdrcyko.com,1,0,0,0
ckjmek@eajb.com,0,0,0,1
cknhao@ykxqhw.com,0,1,0,0
ckpns@ttm.com,0,1,0,0
clavphis@brmil.com,1,0,0,0
clnmiwfn@gszkt.com,0,0,0,1
clowe@qtvc.com,0,1,0,0
cmdva@ynpenx.com,0,0,0,1
cmmma@kukn.com,0,1,0,0
cmnktvf@iwaay.com,0,1,0,0
cmnqsbxy@vqigk.com,0,0,0,1
cmrgfcvwas@lbb.com,0,0,0,1
cnbmtpmcf@ipfl.com,0,0,0,1
cncvyeic@xslnzzb.com,0,0,1,0
cndmhsmt@jfx.com,0,0,1,0
cngdofj@phrn.com,0,0,1,0
cnyapmqhkd@epfi.com,0,0,0,1
coaqsf@yvl.com,0,0,0,1
cowzvf@fsn.com,0,1,0,0
cpfjkhuq@quaxnh.com,0,1,0,0
cpqzvycueh@vydzjii.com,0,1,0,0
cprekvut@aybuw.com,1,0,0,0
cqhmwvltgs@bdlbat.com,0,0,0,1
cqimm@eamwy.com,0,0,1,0
cqlut@fkqo.com,0,0,0,1
cqpqcxm@vllmx.com,0,0,1,0
cqulkqdl@poihuj.com,0,0,0,1
cqvtmapk@fadp.com,0,0,0,1
cqyfyzidm@mqmn.com,0,1,0,0
crcheooggc@roen.com,0,0,1,0
crcvpx@try.com,0,0,1,0
crfuhpmx@jzvvg.com,1,0,0,0
criaxgi@lvq.com,0,0,1,0
crjosh@egbfymw.com,0,0,1,0
crmfxbjqwu@wyh.com,0,1,0,0
crsaaoivwc@zpt.com,0,0,0,1
crzmomgkn@rnff.com,0,1,0,0
csbmw@xzubqw.com,0,0,1,0
csgng@uknjgm.com,0,1,0,0
csitemyt@vaym.com,1,0,0,0
ctcvl@tfadnjn.com,0,1,0,0
ctevjdyn@yrgn.com,1,0,0,0
ctixo@rgcfjd.com,0,0,1,0
ctlcgwpi@soky.com,0,1,0,0
ctogdhzsn@nrvit.com,0,0,0,1
ctyknd@hjcbp.com,1,0,0,0
cultumv@rpkyb.com,0,1,0,0
cuouzhx@lxsuk.com,0,0,1,0
cuppv@yfxem.com,0,0,1,0
curdmcc@zxet.com,0,1,0,0
cvetsmp@aqo.com,0,0,1,0
cvify@vnc.com,0,0,0,1
cvnpmrm@luyloi.com,0,0,1,0
cvocixz@dab.com,1,0,0,0
cvoppvjeyg@moxzuq.com,0,0,1,0
cvwhcglzvp@boel.com,0,1,0,0
cvxzjmna@adoq.com,0,1,0,0
cwdezgcrka@ykvfmgk.com,0,0,1,0
cwgmqkgk@yxi.com,1,0,0,0
cwhrp@wlvggy.com,0,1,0,0
cwjzlvu@plrfdhn.com,0,0,0,1
cwmtbv@uhlanxa.com,0,0,1,0
cwotiwdw@tne.com,0,1,0,0
cwpfe@dtthux.com,0,0,0,1
cwvamowwcd@gspjz.com,1,0,0,0
cwywgfytls@tfejubh.com,0,0,1,0
cxcyjcj@suflgm.com,1,0,0,0
cxdfe@odz.com,0,0,0,1
cxijmuktr@coaaruc.com,1,0,0,0
cxmnq@oae.com,1,0,0,0
cxtqzzqx@mgwq.com,0,1,0,0
cxxtgkaq@moddxh.com,0,0,1,0
cyboa@osmtooj.com,0,0,0,1
cyfauk@gkn.com,0,0,1,0
cyfsfenu@nteb.com,0,0,0,1
cyjnyx@lzhjmx.com,0,0,0,1
cyktx@heav.com,0,0,0,1
cyokv@xup.com,0,0,1,0
cyrstjowy@mdeuec.com,0,0,0,1
czbvqof@yrc.com,0,1,0,0
czsdxkibux@jxl.com,0,0,0,1
damldye@uaab.com,0,0,1,0
davfn@ipmcnh.com,0,0,0,1
dawoigmsjk@cvghaa.com,0,0,0,1
daxpkonkd@awenr.com,0,1,0,0
dazly@lyrta.com,0,1,0,0
dbcrj@auwxfok.com,0,1,0,0
dbdqtca@dxomjsc.com,1,0,0,0
dbdxlgdjra@zksv.com,0,1,0,0
dbegpgp@ftnp.com,0,0,1,0
dbysbmmzlg@bzklb.com,0,0,1,0
dcactzewus@jkzcoxj.com,0,1,0,0
dcbchd@hlijbds.com,1,0,0,0
dcdvefx@vhcxqk.com,1,0,0,0
dcitm@dliz.com,1,0,0,0
dcucbhbftl@lds.com,0,0,1,0
dcunjlgiw@epbtbcl.com,0,1,0,0
dcwheir@nttxuk.com,0,0,0,1
dcxgjevt@isznq.com,0,1,0,0
ddczmpz@fkqcn.com,1,0,0,0
ddgmb@kycgbl.com,0,0,1,0
ddhhcgnjwb@ucxqk.com,1,0,0,0
ddmvllzju@irthgx.com,0,1,0,0
ddodw@kbgxip.com,0,0,0,1
ddwfpki@hnebuc.com,0,0,0,1
degdk@vgyldh.com,1,0,0,0
dehww@dism.com,1,0,0,0
deitvf@qbw.com,0,0,0,1
demeqlzb@fybykv.com,0,1,0,0
desenczkiv@qaqdxb.com,1,0,0,0
deugzawnat@wpl.com,1,0,0,0
dextlyjb@ualn.com,0,1,0,0
deyqol@xfr.com,0,0,0,1
dezyqxusov@apullp.com,0,0,0,1
dfqfcekx@gwru.com,0,0,1,0
dfusylrger@zrfbua.com,0,0,1,0
dfwewa@zrvytqm.com,0,1,0,0
dgcjgc@rifp.com,0,1,0,0
dgfdgycd@ecujzb.com,1,0,0,0
dgkmakn@ibncwuh.com,0,0,0,1
dgobfzxyr@lokcwwf.com,0,1,0,0
dgqrqnuhk@riiun.com,0,0,0,1
dgsnkgtryp@psq.com,0,0,0,1
dgtejlpljx@llvn.com,0,1,0,0
dgtin@ioc.com,0,0,0,1
dgxth@tmsxhdz.com,0,0,0,1
dhbrvyq@hsp.com,0,1,0,0
dhcumbgy@pwagtv.com,0,0,0,1
dhiqxixb@afarm.com,0,0,0,1
dhlkp@okdk.com,0,1,0,0
dhmpsj@dfbmyi.com,0,0,1,0
dhotsnbsp@hwnjw.com,0,0,1,0
dhplmc@mfyel.com,0,0,0,1
dhtenfl@tjqwdsz.com,0,1,0,0
didmoytbz@awghxpb.com,1,0,0,0
dieumuyf@nbvdr.com,0,0,1,0
dijkitmj@qfvior.com,0,1,0,0
dimnejknlk@xyxu.com,1,0,0,0
dinbe@xbxaqft.com,0,0,1,0
disbwf@pim.com,1,0,0,0
djoualdgws@cavldg.com,1,0,0,0
djrhmjkhn@fcaa.com,0,0,0,1
dkkxifko@vwna.com,0,0,0,1
dklyt@hwbbgjz.com,1,0,0,0
dkmqu@keswkwl.com,0,1,0,0
dkncpew@feop.com,0,0,0,1
dkwbdzvfi@sfzi.com,0,0,1,0
dkzdud@ydtm.com,1,0,0,0
dkzvvnldrx@jyfonxo.com,0,0,0,1
dlini@vcszw.com,0,0,1,0
dlkeuwe@abdqmuz.com,0,1,0,0
dlmawuo@pqvn.com,1,0,0,0
dltbrmld@kcq.com,1,0,0,0
dlwxvwz@yjzpad.com,0,0,0,1
dmeftlrq@caql.com,1,0,0,0
dmhhabvipn@pqno.com,1,0,0,0
dmljm@lbsxok.com,0,1,0,0
dmzdwawnz@mrw.com,0,1,0,0
dnccfujedb@ojsty.com,1,0,0,0
dnfdkqf@camm.com,0,0,0,1
dngrnno@nvl.com,0,0,0,1
dnlhokku@myqeux.com,0,0,0,1
dnvdnlwvzu@fgo.com,0,0,1,0
dnwfqbhh@nxmvxue.com,0,1,0,0
dnynbm@iuvri.com,0,0,0,1
dohtpwn@dmiwi.com,0,1,0,0
dotmfxkvts@onhjsmn.com,0,0,0,1
dpfiar@kaeni.com,0,1,0,0
dpfvd@riumqoc.com,0,0,0,1
dpkndof@hogbjjx.com,0,0,1,0
dqdhkwc@ufhpxls.com,0,0,1,0
dqdzqujf@mlawfi.com,0,1,0,0
dqecywhu@pipem.com,0,0,0,1
dqfsqtwnk@lgyi.com,1,0,0,0
dqqtmsk@abyc.com,0,0,1,0
dqupm@nafoecf.com,0,1,0,0
dqwuw@iintiyk.com,0,1,0,0
drchtd@rhjjfa.com,0,1,0,0
dreclpqqh@kbwlub.com,0,0,1,0
drfjpzeva@hkqji.com,0,0,0,1
drkppt@gvu.com,1,0,0,0
drksb@vthdijp.com,0,0,1,0
drkvrbc@aszlub.com,1,0,0,0
dsdtddvi@nbj.com,0,0,0,1
dsjiu@useo.com,0,0,1,0
dsltg@fjfjjo.com,1,0,0,0
dtfwqwhfms@wscz.com,0,0,1,0
dtiasjnq@lxcxl.com,1,0,0,0
dttdcxoran@wbatqr.com,0,0,1,0
dtxrk@yes.com,0,1,0,0
dufpef@ahpin.com,1,0,0,0
dugttn@sbqjc.com,1,0,0,0
duhcncvigy@rpku.com,1,0,0,0
dulxzm@jzpk.com,0,0,1,0
durbv@wclr.com,1,0,0,0
dvmabeb@kkkomv.com,0,0,0,1
dvovq@jrwbc.com,0,1,0,0
dvtaomya@bbqnw.com,1,0,0,0
dvuvt@vqskq.com,0,1,0,0
dvxxeko@twfd.com,1,0,0,0
dwdqix@ltokzc.com,1,0,0,0
dwgdxdcdb@zfdt.com,0,0,0,1
dwtcbwr@dbya.com,1,0,0,0
dwtgzv@snifio.com,0,0,0,1
dwwae@wxj.com,1,0,0,0
dwwfeua@fjh.com,0,0,0,1
dxcdzl@ryjdzi.com,1,0,0,0
dxhckvupo@zqh.com,0,1,0,0
dxjqygqcyt@dcdlekf.com,0,0,1,0
dxlruznj@zwx.com,0,0,1,0
dxpdtjn@ell.com,0,0,1,0
dxpjgml@idrndc.com,0,0,1,0
dxqhv@wzdd.com,0,1,0,0
dxvtocbkfy@trysf.com,0,0,0,1
dxvwubnkuz@uqvjdx.com,0,1,0,0
dyefei@rbhquy.com,0,0,1,0
dyflprba@pbd.com,1,0,0,0
dyfokqjqq@rprnwr.com,0,1,0,0
dylcrhfg@sfmuvt.com,0,0,0,1
dywtacwmqk@fpb.com,0,0,1,0
dzbjj@qfgn.com,0,0,1,0
dzfre@rydlbvn.com,1,0,0,0
dzkqncc@gtstvo.com,0,1,0,0
dzrxjwck@shk.com,0,0,0,1
dztdbw@xgn.com,1,0,0,0
dzthwb@cnm.com,0,0,1,0
dztnqdg@juvfap.com,0,0,0,1
eafcwxlkz@jfs.com,0,1,0,0
eafnmkgj@ekce.com,0,0,0,1
eagffypgnb@roy.com,0,0,0,1
ealiht@wqxmrh.com,0,0,0,1
eaqovw@now.com,0,1,0,0
eatdtdka@hwyabm.com,0,0,1,0
eatya@vwaz.com,1,0,0,0
eaytleph@mrm.com,0,0,1,0
eazuonz@gxiynhu.com,1,0,0,0
ebbcldjdot@mti.com,1,0,0,0
eboplzmrg@bfz.com,0,0,1,0
ebouavtn@dax.com,0,1,0,0
ebwypict@kjuzz.com,0,0,0,1
ebxplb@clg.com,1,0,0,0
ecavv@ukm.com,0,0,0,1
echobuzbp@tlhdo.com,0,1,0,0
ecmfup@rrxptf.com,1,0,0,0
ecparan@yrgfpu.com,0,0,1,0
ecwqqsrsu@qxhdg.com,1,0,0,0
ecyugl@yggazu.com,0,0,1,0
ediyoezv@toeuaz.com,1,0,0,0
eeblr@awso.com,1,0,0,0
eebnamktq@bouyv.com,0,0,1,0
eeguvutvfh@mzovich.com,0,0,0,1
eehxkgbowg@tiu.com,0,0,0,1
eemxxe@ekshsz.com,0,0,0,1
eerdo@qibg.com,1,0,0,0
eesybztpg@ymqbk.com,0,0,1,0
eetvwmljr@furxkfv.com,0,1,0,0
eeunbnf@zhwvgr.com,0,1,0,0
eeuzx@mbdflt.com,0,1,0,0
eezcgqkifl@lwsgl.com,0,0,1,0
efccwz@thcuj.com,1,0,0,0
efgllo@qutqw.com,0,0,1,0
efnayvexzp@hvqbugp.com,0,0,0,1
efqvzryz@zpqime.com,0,1,0,0
efrko@xxtqha.com,0,0,0,1
efwvtlb@wqac.com,0,0,1,0
egdkaaqvpb@savz.com,1,0,0,0
eghwfx@pes.com,0,1,0,0
egovax@ijp.com,0,0,0,1
egudfgxo@brbiia.com,0,1,0,0
ehbhvkw@kaq.com,0,0,1,0
ehdmdul@belef.com,1,0,0,0
ehfjxjrbi@bgbtn.com,0,0,1,0
ehovmwem@sqgl.com,0,0,1,0
ehzdtoqhbg@tjhgm.com,0,1,0,0
eiaqcf@zqupe.com,0,1,0,0
eibxgm@msrbchb.com,0,0,0,1
eidxayv@ykt.com,1,0,0,0
eiwpj@zsppnnu.com,0,1,0,0
ejoezls@pdsp.com,1,0,0,0
ejoooxu@qjra.com,0,1,0,0
ejqutgwxjt@vuyb.com,1,0,0,0
ekbpfftxi@gaj.com,1,0,0,0
ekqjyvofzc@peu.com,0,0,0,1
eldspav@mopnk.com,0,1,0,0
elgftbanq@ntaeiml.com,0,0,0,1
elgjrhxxb@mslozj.com,1,0,0,0
eljdv@riv.com,0,0,1,0
ellozvnpj@ylfg.com,0,0,0,1
elnxhkxk@skx.com,0,0,0,1
eloctqlv@bmtkt.com,0,0,0,1
elvspwwyz@pucmlii.com,0,1,0,0
emgmkjmtqh@dsh.com,1,0,0,0
emgzjfxsc@dbm.com,0,0,0,1
emwolxi@rhaziw.com,0,0,0,1
emwqr@cynx.com,0,0,1,0
emzzxk@jazwwpp.com,0,1,0,0
enmqfnpo@vbn.com,0,0,0,1
enngkywv@krwc.com,0,1,0,0
envsvyd@ppffhs.com,0,0,1,0
enwgfc@ilkpq.com,1,0,0,0
enwrs@lkg.com,1,0,0,0
enyozjmfu@twrva.com,1,0,0,0
eodup@txtrj.com,1,0,0,0
eodvi@ilkqvk.com,0,0,1,0
eokzjlvz@hwgcdhm.com,0,1,0,0
eoqlettc@gpdatxd.com,0,0,0,1
eotvhvusba@cwhnjv.com,0,0,0,1
epokeqmz@rgoa.com,0,1,0,0
epyuds@npkanfb.com,0,0,0,1
eqbuieeco@zzkuc.com,0,0,0,1
eqcahfzkko@amvp.com,0,0,1,0
eqgeuom@ktjz.com,1,0,0,0
eqjwk@gcgm.com,0,0,0,1
eqoxxyb@ptpsgq.com,1,0,0,0
eqtoepm@zzyja.com,1,0,0,0
eqxqkr@xsnzql.com,0,0,1,0
eqybrrgq@nbm.com,0,0,1,0
eqykkqop@xppe.com,0,0,0,1
erdqm@omvblrq.com,0,0,0,1
ereksixk@hhsayl.com,1,0,0,0
erfrkf@lyylp.com,1,0,0,0
eryujbhc@qihmbi.com,1,0,0,0
erzmidnnj@cru.com,0,0,1,0
esyeffzsbz@qah.com,0,1,0,0
eszrakmsi@gdtyx.com,1,0,0,0
etazlx@tlc.com,1,0,0,0
etbobeoqa@hgwq.com,0,1,0,0
etcevpats@nsems.com,1,0,0,0
etiqad@soeih.com,0,0,0,1
etkldopdy@dshk.com,0,0,1,0
etlgfmmfm@ibly.com,1,0,0,0
etmbekr@mlbqly.com,0,1,0,0
etruch@ycji.com,0,1,0,0
eujjoy@kigvprn.com,0,0,1,0
eulymxc@vuuetx.com,0,0,0,1
eumpynyzk@yij.com,0,1,0,0
eupkjhrf@nxyiy.com,0,0,0,1
euwdrzmk@mtfr.com,0,0,0,1
euwisd@kesglme.com,1,0,0,0
euxglo@jdc.com,0,0,1,0
euzzdb@mmr.com,1,0,0,0
evcto@uas.com,0,0,1,0
evkcjfjaya@zsc.com,0,0,0,1
evpbq@ytnzlie.com,0,0,1,0
evzpuishk@zif.com,0,1,0,0
evzwhmpe@uaoxruh.com,1,0,0,0
ewajtrapmi@hlzcfx.com,1,0,0,0
ewdizqe@yjeqz.com,0,1,0,0
ewpvzx@qnwqk.com,0,1,0,0
ewxzegqib@htxgn.com,0,0,1,0
ewyittw@bdewu.com,0,0,0,1
exlyloapwr@nddmfi.com,0,0,0,1
exnuywx@jocs.com,0,0,1,0
exobgx@hez.com,0,0,1,0
exrodcmy@vtmenf.com,0,0,0,1
exshvzpqz@dllo.com,0,0,0,1
exsjh@rxxig.com,0,0,0,1
eydjvy@opmwbov.com,0,1,0,0
eyhtgwkd@ust.com,0,0,0,1
eyolptqt@fhor.com,0,0,1,0
eyzybvqejm@bfpt.com,0,1,0,0
ezciqcm@wijc.com,0,0,1,0
ezckwnk@oimsw.com,0,0,1,0
ezidgkb@dpilwar.com,0,1,0,0
ezqoacbfkn@ncsrjuz.com,1,0,0,0
ezwzp@hlvp.com,0,1,0,0
ezyyxxidgn@fqkjd.com,0,1,0,0
faabx@sfujsdp.com,0,0,1,0
fandm@ltt.com,0,0,1,0
fangxxfaoo@paheaz.com,0,0,1,0
fanob@ftvs.com,1,0,0,0
fazalknv@qhcftfj.com,1,0,0,0
fbdtllnwlo@bytfjq.com,0,0,0,1
fbpiwp@jrf.com,0,1,0,0
fccnib@quqozlf.com,0,0,0,1
fcfolgxh@egjnc.com,0,1,0,0
fchgvt@qbziu.com,0,0,0,1
fcoxxzlbt@jzxrpq.com,0,1,0,0
fcrxrd@kga.com,1,0,0,0
fcvrbjtpq@haybg.com,1,0,0,0
fcyrvaki@uasx.com,0,1,0,0
fdabxe@rnxma.com,0,0,1,0
fdkco@djvxt.com,0,0,0,1
feabzoa@hvurmf.com,0,0,0,1
fehygrqkl@tycnad.com,0,0,0,1
fekywbkkbc@wqave.com,1,0,0,0
felqzavb@myh.com,1,0,0,0
feybk@iwgs.com,0,0,0,1
ffaoslgj@vpel.com,0,1,0,0
ffjqgcu@aojo.com,0,1,0,0
ffqjdcp@fxnzehr.com,0,0,1,0
ffsyovgrf@bbvslqt.com,0,0,1,0
ffwwtzsts@aetr.com,0,0,0,1
fgidsgovtt@ldgqpc.com,0,1,0,0
fgmhm@eizrftx.com,0,0,1,0
fgogvqbq@yvzuj.com,0,0,1,0
fgottdoae@qqoqiuw.com,0,0,1,0
fgschlguxg@dirldl.com,1,0,0,0
fgwifoa@rwyfh.com,0,0,1,0
fhixycitmd@knfcv.com,0,1,0,0
fhlhqcx@rhnbgmt.com,0,1,0,0
fhulu@rhh.com,1,0,0,0
fhwcrl@rcwqt.com,0,0,1,0
fhxasep@xbikj.com,1,0,0,0
fhxni@wtvith.com,0,1,0,0
fidbsao@jtdfi.com,0,0,0,1
fiivu@aiwfm.com,0,1,0,0
fipkcyth@chty.com,0,1,0,0
firifbsn@rwsy.com,0,0,0,1
fiysox@pspn.com,1,0,0,0
fjhfhzeol@adtuvj.com,0,0,0,1
fjljlgnfg@sjysf.com,0,1,0,0
fjlngnc@pqefhpb.com,0,0,0,1
fjnzlwhvz@uffk.com,0,0,1,0
fjxzft@hzkh.com,0,0,0,1
fkadtdb@nsbg.com,1,0,0,0
fkalgkcu@mfyneux.com,0,1,0,0
fkcviq@ovhnbpm.com,0,1,0,0
fkmaj@vjqpqe.com,1,0,0,0
fknepjh@hdx.com,1,0,0,0
fknyrwi@ypgubty.com,0,1,0,0
fkrgvpf@fws.com,0,1,0,0
fkyalt@xly.com,0,0,0,1
flpklvbp@rrb.com,0,0,1,0
flttqshax@ausz.com,0,1,0,0
flulorsvbp@vmbabmt.com,0,0,0,1
flutepgxfh@kyudss.com,1,0,0,0
flyxjvkwqm@kinwxjk.com,0,0,1,0
fmljdgza@lojrj.com,0,1,0,0
fmpoc@lhke.com,0,0,1,0
fmrbefdvex@vdaef.com,0,0,0,1
fmsamerxzj@hwrn.com,0,0,0,1
fmtfpf@eqqonsb.com,0,0,1,0
fmyoqhr@nzmmjl.com,1,0,0,0
fncxmp@jhqvf.com,0,0,0,1
fnewyl@mouqup.com,1,0,0,0
fngvth@cquhhyw.com,1,0,0,0
fnhlpyov@ahzxb.com,0,0,1,0
fnjrazuk@adtv.com,0,0,0,1
fnjvshe@hpcs.com,0,0,0,1
fnlbmjt@mlx.com,0,1,0,0
fnlsg@kkfyssm.com,0,0,1,0
fnwld@mvq.com,0,0,1,0
foghrip@rtijh.com,0,0,0,1
fokcfqb@lcsodc.com,0,1,0,0
fomrlmklw@msblktw.com,0,0,0,1
forgupb@eqty.com,0,1,0,0
fowxsmwms@uwx.com,1,0,0,0
foxmfde@msxaoy.com,0,0,1,0
foypvwqck@muuclf.com,0,1,0,0
fpfmr@uephch.com,0,1,0,0
fpfxnptn@thajy.com,0,0,0,1
fppsl@wyxwuq.com,1,0,0,0
fpsnqcyxak@budxau.com,0,1,0,0
fpwzltiaqc@wljqsx.com,0,1,0,0
fpytgtd@aqw.com,0,0,0,1
fpzeor@joabj.com,1,0,0,0
fqaagt@koca.com,0,1,0,0
fqenopcr@hnra.com,0,0,1,0
fqivf@lvboiu.com,0,0,0,1
fqlngq@fooyf.com,0,0,0,1
fqtbw@kfx.com,1,0,0,0
fqtucare@iyhwet.com,0,0,1,0
fqvle@fuzt.com,1,0,0,0
frcjy@dafkhhl.com,0,1,0,0
frgnjflkpd@qeh.com,0,1,0,0
frothgess@bibih.com,1,0,0,0
frphzkw@klx.com,0,0,0,1
frrwwzonu@sxpbi.com,0,0,0,1
frxjgstnsj@cytxz.com,1,0,0,0
fsbohp@iwbkq.com,0,1,0,0
fssimrr@mterpu.com,0,1,0,0
fswcvdlmz@imkssg.com,0,0,0,1
fswsvul@lyvit.com,1,0,0,0
ftbndetgpr@xejjge.com,0,1,0,0
ftgfps@zboejc.com,1,0,0,0
ftgmmlazsv@oigodw.com,1,0,0,0
ftkhpfy@alanp.com,1,0,0,0
ftojidcut@ddg.com,0,1,0,0
ftpmxhcjss@ekc.com,1,0,0,0
ftqmds@fdl.com,0,1,0,0
ftwtq@mpm.com,0,0,1,0
ftzfbthz@nqyz.com,0,1,0,0
ftzqoh@klfhzg.com,0,1,0,0
fuacgsdvoq@caowx.com,0,0,1,0
fuljqoftzk@vucaz.com,1,0,0,0
fumpgo@kufwlv.com,0,0,1,0
fuwdlknsx@yypr.com,0,0,0,1
fuxnutrwqs@mawp.com,1,0,0,0
fuzbcgpe@lrpdxsz.com,0,1,0,0
fuzzhes@kan.com,0,0,1,0
fvambexuh@mfijl.com,0,0,0,1
fvfjjhjxk@gpzssvw.com,1,0,0,0
fvpflarvjf@xtgiur.com,0,0,1,0
fvxyqxsh@kjgyq.com,1,0,0,0
fvzzmng@dyqoia.com,0,1,0,0
fwmzvuwcej@xstzq.com,1,0,0,0
fwpjiisayz@lcqi.com,1,0,0,0
fwrye@yrllqk.com,0,0,0,1
fwvvnjdt@elgykm.com,0,0,0,1
fxlwgivi@htw.com,0,0,1,0
fxrtkqjkn@jngsmzn.com,0,0,0,1
fxsnayqxe@xkqnk.com,0,1,0,0
fxvatwljb@vnriui.com,0,0,0,1
fxvfzq@rhdmkf.com,0,0,1,0
fxzzffg@mwxgc.com,1,0,0,0
fybmwsqek@rqac.com,1,0,0,0
fydmauf@tvdc.com,0,1,0,0
fyfqf@zdvyfum.com,0,1,0,0
fyksn@vpd.com,0,0,1,0
fynpzemtk@enxqph.com,1,0,0,0
fyqjssx@fnrq.com,1,0,0,0
fyudz@zbvaf.com,1,0,0,0
fyumvg@fqqcwq.com,0,0,1,0
fyvixi@mpyyiz.com,1,0,0,0
fyydnszi@auk.com,1,0,0,0
fzlrswcmb@vdsj.com,0,1,0,0
fzmdn@qrbacer.com,0,0,1,0
fzmgdw@hmu.com,0,0,1,0
fznrngzcpe@mfca.com,0,0,0,1
fzogq@kdo.com,0,0,1,0
fzsmb@cmhx.com,0,0,0,1
fztdcfizea@ujdewgo.com,0,0,1,0
fztputmy@wdkdsdo.com,0,1,0,0
fzuotunqr@faz.com,0,1,0,0
gaegefrw@nbyvi.com,0,0,1,0
gafwsqull@ntudaua.com,0,0,1,0
gahgtsvks@pgl.com,0,0,1,0
gajph@vycyvzd.com,0,0,1,0
gaqfhsvq@rfe.com,0,0,1,0
gathruh@pyjf.com,0,0,0,1
gauvfwv@ima.com,0,0,1,0
gavjus@atkkxhy.com,0,0,1,0
gayyqwegg@amuhs.com,1,0,0,0
gbjdc@smbsrl.com,0,0,1,0
gbocianur@iiooku.com,1,0,0,0
gbqrkvwbp@xrrdsoo.com,0,0,0,1
gbrubl@jbfgyx.com,1,0,0,0
gbsfrn@vye.com,0,0,0,1
gbsjftddx@kbndle.com,0,0,0,1
gbssb@gnbul.com,0,1,0,0
gbsshhsdty@qmhbwvt.com,0,0,1,0
gbuez@kglzgv.com,0,1,0,0
gbxvhmtty@jdn.com,0,0,0,1
gbypmnz@aryd.com,0,1,0,0
gceddelp@jdxosv.com,0,0,0,1
gcmgsmf@mtrlx.com,0,1,0,0
gcmxud@cfojc.com,0,1,0,0
gcnjdi@mwe.com,0,0,0,1
gcxluee@kojp.com,0,0,1,0
gdbkg@egc.com,0,0,0,1
gdhzpl@dklxpvm.com,0,0,1,0
gdjfz@nilpyo.com,0,1,0,0
gdlkzj@psqq.com,0,0,0,1
gdpcdqpm@pmj.com,0,0,0,1
gdzkuzq@yuk.com,1,0,0,0
gebutdhm@loqgtwi.com,0,1,0,0
gebvje@jzapqw.com,0,0,0,1
gegep@nef.com,0,0,0,1
geluugx@isvvqu.com,0,0,0,1
gfajzqky@bvglk.com,0,0,1,0
gfewmlmnxg@ndjv.com,0,1,0,0
gfgkqlvtdt@buzynmg.com,0,0,1,0
gfxaysx@ndhooq.com,0,0,0,1
ggamxrcrnb@grl.com,0,1,0,0
gghsaeedzi@cbnrcl.com,0,0,1,0
ggjvrxg@rwymety.com,0,1,0,0
ggrwpltas@fmlqdl.com,0,1,0,0
gguwi@mjdla.com,0,0,0,1
ggwljz@afsmrs.com,1,0,0,0
ghkyabusgb@qtefxq.com,1,0,0,0
ghlwpxob@manlvxu.com,0,1,0,0
ghmld@zyzv.com,1,0,0,0
ghtakasaqs@hgy.com,0,0,1,0
gicmrxuty@mvl.com,1,0,0,0
gijsy@biakft.com,0,0,0,1
giuzgr@upyidwa.com,1,0,0,0
gixzm@tvcprl.com,0,0,0,1
gizcucc@pnlzfun.com,0,0,0,1
gjadqrmrg@bhd.com,1,0,0,0
gjdcrg@clszdms.com,0,0,1,0
gjnpjgruox@mxu.com,1,0,0,0
gjtpdsix@aalknes.com,0,0,0,1
gjveqy@xeft.com,1,0,0,0
gjzrq@rlv.com,1,0,0,0
gkibtyt@ycjkyj.com,0,1,0,0
gkiukxqzbf@balvm.com,0,0,0,1
gknso@bvcdz.com,0,0,0,1
gknymz@vbqu.com,0,1,0,0
gkpvpn@xencpl.com,0,0,0,1
glejbqubw@bog.com,0,1,0,0
glgnofl@saikgdd.com,0,0,0,1
gljpp@ozp.com,0,0,0,1
glowvpflvs@yzuq.com,1,0,0,0
glrhxxjz@eanpqad.com,0,0,1,0
glvikgz@enfhiy.com,0,0,0,1
glyjunvbso@puf.com,0,1,0,0
glylqsv@irs.com,0,0,1,0
gmapsxhov@pmcpk.com,1,0,0,0
gmhnrs@ebru.com,0,0,1,0
gmqsugkaf@qtwe.com,1,0,0,0
gmwsjw@uzvntr.com,0,0,1,0
gmwyev@qpbsl.com,0,0,0,1
gmyrsp@jma.com,1,0,0,0
gnviu@ewbzni.com,1,0,0,0
gnwbbnle@wwi.com,0,0,1,0
gnyunqk@zru.com,0,0,1,0
gobnalepl@vdpg.com,0,0,0,1
gofpd@ccz.com,0,1,0,0
gogubmqal@tbnshje.com,1,0,0,0
goudpnuerh@nndmspq.com,0,0,0,1
govsbdkr@afejv.com,0,0,1,0
gowog@wiktzj.com,0,0,0,1
gpcsjzvfq@bct.com,0,0,1,0
gpfivvcpgf@vgd.com,0,0,1,0
gpfjokzebx@svmaham.com,0,1,0,0
gphkglqs@fqemom.com,0,0,0,1
gqamxndjj@twewl.com,0,0,1,0
gqaxdskf@woparll.com,0,1,0,0
gqkegcsh@yfzonp.com,1,0,0,0
gqrbvu@afk.com,0,1,0,0
gqwragf@pjewl.com,1,0,0,0
grhjjeldd@retkk.com,0,1,0,0
grhkpmem@ubdv.com,0,0,0,1
grkmi@jfog.com,0,1,0,0
gskdugagcu@mcd.com,0,0,0,1
gsmrj@mzbrwoz.com,0,0,0,1
gsmzwgzsfp@fgajqyq.com,1,0,0,0
gssfcfiees@dhzgxzr.com,0,0,1,0
gtiyc@lycn.com,0,0,0,1
gtjmlfm@yfdjhx.com,0,0,1,0
gttoikv@kcqnvr.com,0,0,1,0
guhgtday@wcvgnol.com,0,1,0,0
guqcwrozab@wso.com,0,0,1,0
gusngl@ofcx.com,0,0,0,1
guxfpb@cikah.com,1,0,0,0
gvcjxk@uzlixna.com,0,0,1,0
gvdcmphz@fmm.com,0,0,1,0
gvklzpnqws@ell.com,0,0,1,0
gvlyahiuk@lzve.com,0,0,1,0
gvoqch@ewa.com,1,0,0,0
gvpjmqtwrd@usub.com,0,1,0,0
gvrbw@oshcf.com,0,1,0,0
gvtoz@zmadm.com,1,0,0,0
gvutmsq@bxl.com,0,0,0,1
gvvznqukp@axduww.com,0,0,1,0
gvwvnvo@sbvjh.com,0,0,1,0
gwffnsncth@fgrs.com,0,1,0,0
gwfiuvcxl@hio.com,0,0,1,0
gwkacnc@hould.com,0,0,0,1
gwnsuip@nns.com,0,0,1,0
gwpbujfx@owva.com,0,1,0,0
gwtaj@ftw.com,1,0,0,0
gwtldyl@ijs.com,0,0,1,0
gxhruhwa@mcjcua.com,0,0,0,1
gxjnv@dsngagy.com,0,0,0,1
gygrhnxw@dmbktb.com,1,0,0,0
gyjfvktx@aldc.com,1,0,0,0
gylbxnm@zqtn.com,0,0,1,0
gyuucrcj@whp.com,0,0,1,0
gzqyn@duyo.com,0,0,0,1
gzrgwp@ihgtl.com,0,0,0,1
gzrtowxpdb@jtq.com,0,0,1,0
gzuorbznp@gplfd.com,0,0,0,1
gzwdhojry@golqw.com,1,0,0,0
gzwfgc@afn.com,0,0,1,0
gzziz@yzios.com,0,1,0,0
hagqrws@rqy.com,0,0,1,0
hagstyp@nziss.com,0,0,1,0
hanaws@zndfdxs.com,0,0,0,1
hariivcmu@qpqne.com,0,0,0,1
hassh@eas.com,1,0,0,0
hbbkltd@xvd.com,1,0,0,0
hbnvasbkj@wkdldi.com,0,1,0,0
hbtjqfslnt@gzbgss.com,0,1,0,0
hbvvh@sadve.com,0,0,0,1
hcfmmpo@orfid.com,1,0,0,0
hcgsiccw@wwapib.com,1,0,0,0
hcnnxsgdg@kgf.com,0,1,0,0
hcxgctfdnd@ozuiehk.com,0,1,0,0
hddkqj@uyihfp.com,0,0,1,0
hdlujtvqi@rruu.com,0,0,1,0
hdump@deovrlm.com,0,0,1,0
hdykyzw@efyodma.com,0,1,0,0
hdyrxnd@xmtr.com,0,0,0,1
hecnso@coyzjp.com,0,1,0,0
hemljwsf@ytas.com,0,0,1,0
hemyyunze@pchbbf.com,0,0,1,0
hfkteugo@qzhm.com,0,0,1,0
hfqir@kmblsdj.com,0,0,1,0
hggihoyne@xcsilk.com,0,0,0,1
hggzihbk@ccfumy.com,1,0,0,0
hghll@kxiws.com,0,0,1,0
hghnee@rvoouou.com,1,0,0,0
hgrmclgzv@glzdoer.com,0,0,0,1
hgxvaramev@cglfz.com,0,1,0,0
hgzwwjyov@iry.com,1,0,0,0
hhdjoh@vnbexhz.com,1,0,0,0
hhfydrt@dguvvub.com,1,0,0,0
hhgiz@bdzkvrx.com,0,0,0,1
hhhhe@krpr.com,0,0,1,0
hhsmlngbvb@ejwwba.com,1,0,0,0
hhvvdp@svqioe.com,1,0,0,0
hhygpryo@zqqjyi.com,0,1,0,0
higsycrdg@yyrijkh.com,0,1,0,0
higznhupd@vqx.com,0,0,1,0
hijgs@ahz.com,0,0,1,0
hilroyy@bfwec.com,0,0,1,0
hioizmhdk@tlibac.com,1,0,0,0
hipjpdb@hwigv.com,0,0,1,0
hitpstlji@tnxp.com,1,0,0,0
hixdjax@tadur.com,0,0,0,1
hiyplrnmn@lzi.com,1,0,0,0
hjaspqi@oys.com,0,0,1,0
hjcaoesuj@ehuh.com,0,0,1,0
hjnixd@ytrwhh.com,0,0,0,1
hjvxmbryos@yle.com,0,0,0,1
hkboycqhi@puipm.com,0,0,1,0
hklgefm@owk.com,1,0,0,0
hkpgvi@xlphuic.com,0,1,0,0
hksycxg@tpzoxn.com,0,0,1,0
hkvpg@jtrsfg.com,1,0,0,0
hlgjr@tfpc.com,0,0,1,0
hllakdsj@spbs.com,1,0,0,0
hlnwttl@flsd.com,0,1,0,0
hlqgmgo@ihzmzl.com,0,0,0,1
hmenlmpsgj@ncquu.com,0,0,1,0
hmjkzngmy@xlmup.com,0,1,0,0
hmknobesjt@cibzmx.com,0,0,0,1
hmlmztdg@rni.com,0,0,0,1
hmmmdw@jnmc.com,1,0,0,0
hmmtp@gpc.com,0,0,0,1
hmvjlubd@hvny.com,0,0,1,0
hndur@fjcxulu.com,0,1,0,0
hnfhpcnnl@mhylkf.com,0,1,0,0
hnhaznqmih@wwibxgo.com,0,0,0,1
hnpivtjfw@ripcu.com,0,1,0,0
hntdebp@jwjbsi.com,0,1,0,0
hodizw@wqhv.com,1,0,0,0
hogcj@qfg.com,0,0,0,1
hoklavtk@hhoi.com,0,0,1,0
hooipqkt@hrml.com,0,0,0,1
hopsmmgtk@wifl.com,0,0,1,0
hotjimd@ufxcsk.com,0,0,1,0
hpbyy@ohzwxgx.com,0,0,0,1
hpgdfgus@oyii.com,1,0,0,0
hplsqxwe@fwcpdfj.com,0,0,0,1
hptyqat@hxoauh.com,0,1,0,0
hpxikduy@tjjb.com,0,1,0,0
hqcsgz@tgn.com,0,0,1,0
hqidlfae@zekp.com,0,1,0,0
hqkbxgiw@mqwe.com,1,0,0,0
hqmtn@niozvo.com,0,1,0,0
hrboxbxze@kmgtw.com,0,0,0,1
hrecs@hjzkgis.com,0,0,1,0
hrfbtc@kptvuj.com,0,0,1,0
hrfzwreev@yigo.com,0,0,0,1
hrisw@vnqve.com,0,0,0,1
hrxqkh@lkovixa.com,1,0,0,0
hsifugbez@pdxescc.com,0,1,0,0
hsuqafj@iuis.com,1,0,0,0
hswehctguw@csafdd.com,0,0,1,0
htgxjqrxp@une.com,0,1,0,0
htlvqbv@gcbq.com,0,1,0,0
httmyfqgm@cqh.com,0,0,0,1
htylk@bjw.com,1,0,0,0
htzreaqcq@hgswtys.com,0,1,0,0
huvvzw@pbem.com,0,0,0,1
huwqzjruzk@gpslli.com,1,0,0,0
hvalbsi@xwbkotg.com,0,1,0,0
hvaofay@dbtm.com,0,0,0,1
hvbdrag@uye.com,0,0,1,0
hvebvc@xxdda.com,0,0,0,1
hvhgadkdaj@amjhfdu.com,0,0,1,0
hviqbvlem@vmzbs.com,0,0,0,1
hvplxnoov@afh.com,1,0,0,0
hvuvg@bkf.com,0,1,0,0
hvzczyw@vlfqyuq.com,1,0,0,0
hwezqajias@kdypvj.com,1,0,0,0
hwfqfes@zisl.com,0,0,0,1
hwjpycy@uqx.com,0,0,0,1
hwlnfogj@rsyw.com,0,1,0,0
hwnmq@lpw.com,0,1,0,0
hwview@acirmyt.com,0,0,1,0
hwwtq@imywqgu.com,0,1,0,0
hxcfzwd@qvbqgl.com,0,0,1,0
hxcxn@fkiebz.com,0,0,0,1
hxifyzu@bxxvbhk.com,0,1,0,0
hxjek@uls.com,0,0,0,1
hxjyjs@nbisu.com,1,0,0,0
hxuissnw@wbznqoy.com,1,0,0,0
hyfbyvtqc@cdlzr.com,0,1,0,0
hyivzfd@zmhv.com,0,1,0,0
hyjumkldr@dfhqy.com,1,0,0,0
hykpczx@gajzlty.com,0,1,0,0
hypvooco@szbpnxq.com,0,0,0,1
hzbblzzw@lgmdne.com,1,0,0,0
hzhvy@yzrbv.com,0,1,0,0
hzisrhdj@vtgvl.com,0,0,0,1
hzvvi@smkn.com,0,1,0,0
hzzjz@lsfkl.com,0,0,0,1
hzzyha@yzcn.com,0,0,0,1
iahwiu@lrw.com,0,0,1,0
iaueiv@yipcg.com,0,1,0,0
iaulye@gnknta.com,0,0,1,0
ibaimlvq@cku.com,0,1,0,0
ibgyotxi@gkbadmp.com,0,1,0,0
ibivwpafa@jvnxfu.com,1,0,0,0
ibsjvrtfu@mrge.com,0,0,1,0
ibsmzzgkbw@wrez.com,0,1,0,0
ibyfsvz@gukc.com,0,0,1,0
iclrhkaf@xls.com,0,1,0,0
icppedan@fdgd.com,0,1,0,0
icqapx@yrdaufy.com,0,0,1,0
ictfgsmtj@udt.com,0,1,0,0
iculhobafs@otvfgj.com,1,0,0,0
iczkhc@hkni.com,1,0,0,0
idehgp@liyt.com,1,0,0,0
idfwdak@vgvl.com,0,1,0,0
idmmzotl@mqjadia.com,1,0,0,0
idqatchnsp@sfi.com,0,1,0,0
idtrqrqty@vlwtmr.com,0,0,0,1
idvvagg@xkbqmh.com,1,0,0,0
idwkwnw@uuybn.com,0,0,1,0
idygdche@rpm.com,0,1,0,0
idyymks@lwhhzg.com,0,0,0,1
ieavfz@qrhj.com,0,0,1,0
ieiqrc@amnbrpy.com,0,0,1,0
iejze@qnqhn.com,0,0,0,1
iemohrwtu@atlsu.com,1,0,0,0
ieneubqzz@beu.com,0,1,0,0
ieozavh@jwfci.com,1,0,0,0
ifbdvyhio@oloqm.com,1,0,0,0
ifhwlenu@blcz.com,0,0,0,1
ifnsbzyjok@jstypzl.com,0,0,1,0
ifxdbaf@emhch.com,0,0,0,1
igbwrvmya@wqev.com,0,0,0,1
ighfkccay@hqdmy.com,0,1,0,0
ihfoeal@rjlyh.com,1,0,0,0
ihijurotvf@fjum.com,1,0,0,0
ihlch@nbbt.com,1,0,0,0
ihpwhwsa@ibuaj.com,0,0,1,0
ihtqrs@mtb.com,0,0,0,1
ihxbqomxss@smkx.com,0,0,1,0
ihypi@wxmrehb.com,0,0,1,0
iiceijxmsb@mqhymij.com,1,0,0,0
iidknnv@ofxvrp.com,0,0,1,0
iieuevwua@wjgdy.com,1,0,0,0
iikfq@gzp.com,0,0,1,0
iipqa@nneffo.com,0,0,1,0
iiqttmi@hnhkgc.com,1,0,0,0
iizmvburw@ayfi.com,0,0,1,0
ijakku@qqu.com,0,0,0,1
ijaur@oqkom.com,1,0,0,0
ijebcf@xba.com,1,0,0,0
ijjddfaxyo@vhez.com,1,0,0,0
ijpqzheqsd@vtmt.com,0,1,0,0
ijuwgdq@ysljhl.com,0,0,1,0
ikdqnrpwc@scabxa.com,0,0,1,0
iklvng@sil.com,0,0,0,1
iksjxrz@tooxcix.com,0,1,0,0
ileqtct@ccwtomz.com,0,1,0,0
ilkmaxteyu@dkmvlg.com,0,0,1,0
ilkzb@kxrrh.com,0,0,1,0
ilpfej@gzs.com,0,1,0,0
ilqqmtepqr@frwcscu.com,0,0,0,1
iluyf@tkthcaw.com,0,1,0,0
ilvetun@fpdo.com,0,1,0,0
ilytzawkay@sdcbxz.com,0,0,1,0
ilzeu@rsvjjr.com,1,0,0,0
imedaas@sxqvdc.com,0,0,0,1
inhzqlncc@cajvnq.com,0,0,1,0
injbjub@zdmjmnx.com,0,0,1,0
inllb@vnshbne.com,1,0,0,0
inmsbvkyqb@yicbcaq.com,1,0,0,0
inpzkekz@mjbgfw.com,0,0,0,1
inqaforz@vjrnnrq.com,0,0,1,0
inqymauvzx@kswogwv.com,0,0,0,1
insvxygbz@iccgf.com,1,0,0,0
iobaarh@hgvsrd.com,0,0,0,1
iobxink@spwqgg.com,0,0,0,1
iolgdisq@jvcqh.com,0,0,0,1
iombgfkba@pto.com,0,0,0,1
iomyt@knxyn.com,0,1,0,0
ioxhnmnhz@jjwszc.com,0,0,1,0
ioxvyuvuxx@ggewa.com,0,1,0,0
ioxxglimp@hvon.com,0,0,1,0
iozyznbqnl@tszrqks.com,0,1,0,0
ipcanytmj@fmtsf.com,0,0,1,0
iperqep@pzkcwb.com,0,1,0,0
iplzvohxn@zwpveck.com,1,0,0,0
ipqalpquqo@eck.com,0,0,1,0
ipyyzdbzz@ibnqv.com,0,0,1,0
iqafe@cqart.com,0,0,0,1
iqdcjiuot@mpn.com,0,0,1,0
iqkjm@mjkntk.com,1,0,0,0
iqkslh@suww.com,0,0,1,0
iqktegzca@kpcraht.com,0,0,0,1
iqmaqnek@lfdayis.com,0,0,1,0
irdzha@tjgk.com,0,0,0,1
irhfdes@fhz.com,1,0,0,0
irrmhvzd@bhy.com,0,0,1,0
ishmbgin@zhcp.com,0,0,1,0
islyf@hzbvrap.com,0,0,1,0
istsz@xmny.com,0,0,0,1
isvnbaht@mblb.com,1,0,0,0
iswsjhkge@httx.com,0,0,0,1
isxgsdcl@reoghmg.com,1,0,0,0
iszrbsm@aatdyfh.com,0,0,0,1
itafjge@beqkvim.com,1,0,0,0
itasbksc@sszvjji.com,0,0,0,1
itlqynz@mvplj.com,0,1,0,0
iuiwnyp@ooyle.com,1,0,0,0
iunqntinon@mdoeu.com,1,0,0,0
iuzse@quog.com,1,0,0,0
ivewytk@imcz.com,0,0,0,1
ivimzfqtd@ttq.com,0,0,0,1
ivkxqtae@prjqvie.com,0,1,0,0
ivmcclwib@ausabop.com,1,0,0,0
ivxqe@xkcjkh.com,0,0,1,0
iwlfxujulk@kozdowv.com,0,0,0,1
iwojq@wkj.com,1,0,0,0
iwpelsacg@etpwlgk.com,0,0,1,0
iwtilkuiwz@ytnedwq.com,0,0,0,1
iwxugh@npi.com,0,1,0,0
iwyba@fmd.com,0,0,0,1
ixgsfzgi@npqpvyg.com,0,1,0,0
ixjywvgrar@gpeamsi.com,0,0,0,1
ixmtkeji@zjzevys.com,0,0,1,0
ixrjeh@hdina.com,0,1,0,0
iyicruz@tvabxti.com,0,0,1,0
iyjbwhbxy@jxxwxtr.com,1,0,0,0
iywilpuqon@uoj.com,0,1,0,0
izgaed@siuvqyp.com,0,1,0,0
izjrzwx@vxxmrw.com,0,1,0,0
izmlbw@aafjqu.com,0,1,0,0
izpokm@iepl.com,0,1,0,0
izsrsgcm@irj.com,0,0,1,0
jaapz@txyx.com,1,0,0,0
jahgjhw@zur.com,0,0,1,0
jalsnrdiih@waiilb.com,0,0,0,1
janzdgfm@adr.com,0,1,0,0
jauxcac@iftgudc.com,0,0,0,1
javzxol@xqtdlna.com,0,0,0,1
jbajlrq@ojma.com,0,1,0,0
jbakfmawt@wjp.com,0,0,0,1
jbddh@vjvwvpe.com,0,0,0,1
jbesy@rolzzv.com,0,1,0,0
jbnelsv@cfsueh.com,0,0,0,1
jbouwp@eegwmdj.com,0,1,0,0
jbwtsl@kpjznk.com,0,0,1,0
jbxocbwf@reogr.com,0,0,0,1
jbyfhdejk@zlg.com,0,1,0,0
jbyfsywksk@ckjol.com,1,0,0,0
jcacpf@dotq.com,0,0,0,1
jciodljd@tniujs.com,0,0,0,1
jcrsszqu@mrmx.com,0,0,0,1
jctzlucvc@jpxkcsj.com,1,0,0,0
jctzmt@ltxlabw.com,0,0,1,0
jdcdf@znn.com,0,0,0,1
jdnnifa@nlfiq.com,1,0,0,0
jdplywar@ubpap.com,0,0,0,1
jdppdfp@dcsab.com,0,0,1,0
jdzmarf@nlqbs.com,0,1,0,0
jeddghcz@zpg.com,0,1,0,0
jentuqhxdx@sfvwv.com,0,0,1,0
jesbytrj@rrsk.com,1,0,0,0
jetakw@tge.com,0,0,0,1
jewxndepfa@jletj.com,1,0,0,0
jeypnx@uqcb.com,0,0,0,1
jeziazyx@meilmqb.com,1,0,0,0
jfdbc@gdyhv.com,1,0,0,0
jfhtcifucx@epplh.com,0,1,0,0
jfjzpm@iyvnwag.com,0,1,0,0
jfuqgizk@vieln.com,0,0,1,0
jgaczxyyng@qwuptss.com,0,1,0,0
jgdaeyy@qxlme.com,0,0,1,0
jggur@toj.com,1,0,0,0
jgjnerb@hehhxie.com,1,0,0,0
jhdsz@uswky.com,1,0,0,0
jhfecu@hplkcc.com,1,0,0,0
jhlpxvz@llw.com,1,0,0,0
jhvhl@jbp.com,1,0,0,0
jhzwxhfedz@zroeiui.com,0,1,0,0
jinhr@onaewtx.com,0,0,1,0
jiybdac@qlc.com,0,0,0,1
jjqvf@xddliif.com,0,0,1,0
jjsdajnb@yxm.com,0,0,0,1
jjwfk@clf.com,0,0,0,1
jkijnons@upu.com,0,1,0,0
jlejdsgj@jcz.com,0,0,1,0
jlhhxr@trabq.com,0,0,0,1
jlhzhf@bznmbad.com,1,0,0,0
jlxcnf@tickoj.com,0,0,0,1
jmbmwtptwe@ssctk.com,1,0,0,0
jmcuc@gxhorjx.com,1,0,0,0
jmpjzpae@etnzzg.com,0,0,0,1
jmuhersmo@amcmbgi.com,1,0,0,0
jmvfa@bnneggr.com,0,0,1,0
jmvigjrtfm@kvvre.com,0,0,0,1
jnobalbzls@frno.com,1,0,0,0
jnpzvcpglv@bhhfimn.com,1,0,0,0
jnvcfnzg@tkf.com,0,1,0,0
joqovjxxy@xkaild.com,1,0,0,0
josksbxp@tgkxypa.com,0,0,0,1
joziege@xxf.com,0,1,0,0
jpbtjohca@mjcasvp.com,1,0,0,0
jpnvh@puw.com,0,0,0,1
jpqcjmdpi@bnvrma.com,0,0,0,1
jproauf@xamilc.com,0,1,0,0
jpssdbivy@mqtntb.com,0,0,0,1
jpzke@roxyeln.com,1,0,0,0
jqfkitlgma@crgl.com,1,0,0,0
jqvdfq@ynbyxce.com,0,0,0,1
jrarvskk@xezxtx.com,0,0,0,1
jrbaibdwhf@rmq.com,0,0,0,1
jrcll@huopamt.com,0,0,0,1
jrkeybohbe@vkkoc.com,0,0,1,0
jrwljlkxl@kkv.com,0,0,1,0
jsbrqqzg@ler.com,0,0,1,0
jsdphq@zin.com,1,0,0,0
jsebfcdsjt@pqcylgt.com,0,1,0,0
jsthtdbbt@cgdb.com,0,0,0,1
jsualwuim@qspkrch.com,0,1,0,0
jszgacv@mfu.com,0,0,1,0
jtjfrpk@azbyhe.com,1,0,0,0
jtlke@dgflre.com,0,0,0,1
jtynhd@mrwion.com,0,1,0,0
juatejlxo@fwmeom.com,0,0,0,1
juflf@kvev.com,0,1,0,0
juzzrz@xvjlf.com,0,0,0,1
jvmkgjk@ijaxbf.com,1,0,0,0
jvqpmgakh@bqbd.com,0,0,0,1
jvrzdtzdtr@hyqpox.com,0,0,1,0
jvvnv@qfi.com,1,0,0,0
jvxdojxq@bnpt.com,0,0,0,1
jwapums@wba.com,0,1,0,0
jwiktsffhg@eyjrlgt.com,0,0,0,1
jwmlodmst@ppf.com,0,1,0,0
jwotuysz@pcyz.com,1,0,0,0
jxhnpetz@wdbgz.com,0,1,0,0
jxjjbak@rplf.com,0,1,0,0
jxqqwns@eov.com,0,0,0,1
jxtrxeu@qbmdmk.com,0,0,0,1
jxwkdb@ozp.com,0,1,0,0
jxwqehunr@ykfved.com,0,0,1,0
jxziivytmz@pdgebp.com,0,0,0,1
jydosfsr@cupr.com,0,1,0,0
jyshyvaz@xfigzew.com,0,1,0,0
jytqshay@lirjzqg.com,0,0,1,0
jytwtu@xzsvipq.com,0,0,0,1
jyxaark@lfrfr.com,1,0,0,0
jzezayrlpm@eotvl.com,0,0,1,0
jznfrphx@kscuqki.com,0,0,1,0
jzrqklnae@pxoy.com,0,1,0,0
jzvkqdy@oabng.com,0,0,1,0
jzwkove@scp.com,0,0,0,1
jzwkysulko@ndmusbr.com,0,0,1,0
jzyka@rgohn.com,0,0,1,0
jzzwxyp@euapyqy.com,0,0,1,0
kaggp@ozidms.com,0,0,0,1
kagndamny@bszvftk.com,0,0,1,0
kanolcok@jjmxgvs.com,0,1,0,0
kauqj@lfoexb.com,0,0,1,0
kawujz@xixct.com,0,0,1,0
kaxlkdg@csm.com,1,0,0,0
kayhffkne@sbu.com,0,1,0,0
kazzzzjo@izwo.com,0,1,0,0
kbfsupe@zjoccm.com,0,1,0,0
kbkgvh@vxwc.com,1,0,0,0
kbrwzywhry@avswrky.com,0,0,1,0
kbtge@upmpwlr.com,0,0,0,1
kbzqqhnci@trxtim.com,0,0,0,1
kcccy@ysu.com,0,0,1,0
kccpl@maljs.com,0,1,0,0
kcdnnm@mfo.com,0,1,0,0
kchsxcae@lms.com,0,1,0,0
kcqlnr@kwbsn.com,0,1,0,0
kcyawoazzw@ktakomb.com,0,0,0,1
kdecmcq@zye.com,0,1,0,0
kdmyqttent@lumfle.com,0,0,0,1
kduhpkzava@zelpazd.com,0,0,0,1
kdvjarsu@ngpa.com,0,0,0,1
kdzbx@skamze.com,0,0,1,0
kejrdqdvr@etrz.com,0,0,1,0
keniqbrpqc@sciflja.com,1,0,0,0
keqomqg@zgwbypk.com,0,0,0,1
kevmtwcw@gxwsdh.com,1,0,0,0
kevypp@fzto.com,0,1,0,0
keycsawyn@mmbig.com,1,0,0,0
keznz@bgdj.com,0,0,0,1
kfeqn@qfzk.com,1,0,0,0
kfgazvdcpw@htxf.com,0,0,0,1
kfgdigurbb@iterpcd.com,0,1,0,0
kfgve@rzysib.com,1,0,0,0
kfhbhkt@isfbba.com,0,0,1,0
kfhcvk@qiart.com,0,0,1,0
kflkhbnwg@nnkfon.com,0,1,0,0
kfmkzwc@yupt.com,1,0,0,0
kfqnt@qwfj.com,1,0,0,0
kfquif@fylmk.com,0,0,1,0
kgcmltqjdu@xdl.com,0,1,0,0
kgdjospblw@urbihaa.com,0,0,1,0
kgdwbe@hoduns.com,1,0,0,0
kgoaq@zmdw.com,1,0,0,0
kgsoidqhb@lfh.com,0,0,1,0
kgtlj@zchqz.com,0,0,1,0
kgwtxuj@ryr.com,0,0,0,1
kgypfnt@ebs.com,0,0,0,1
khabzbx@ngpej.com,1,0,0,0
khhwaedp@qaen.com,0,0,0,1
khohkdr@iihjuh.com,1,0,0,0
khqmmrw@ibgch.com,1,0,0,0
khrnkdrnsv@mqhk.com,0,0,1,0
khwsgiah@escxdi.com,0,0,1,0
khxfg@zwomsh.com,1,0,0,0
kiaaceyre@wnn.com,0,0,1,0
kiajbo@gzh.com,1,0,0,0
kiejjbe@yaq.com,1,0,0,0
kijxpvcrw@uzw.com,1,0,0,0
kimdnke@jyxhutm.com,0,0,1,0
kimzrqavm@nbwfzy.com,0,0,0,1
kiwekpqdtw@gwr.com,0,0,0,1
kizjhxr@ptax.com,0,1,0,0
kjbbkvlzb@yxa.com,0,0,1,0
kjdqis@ufsfama.com,0,1,0,0
kjixgk@xjowt.com,0,1,0,0
kjthyfur@azk.com,1,0,0,0
kkeidstcpc@xqdt.com,1,0,0,0
kkfeth@rskjin.com,0,0,0,1
kkgylvewzb@bdm.com,0,1,0,0
kkkbindx@htbuno.com,0,0,1,0
kkkfmor@zyc.com,0,0,1,0
kldwddzz@feuboy.com,0,1,0,0
kljjictn@tnz.com,0,0,0,1
klplsovdy@wvvttfp.com,0,0,0,1
klsru@rpworc.com,0,0,0,1
klvxtxmare@ftpin.com,1,0,0,0
kmhsso@xsygzsc.com,0,1,0,0
kmjtdihn@qdjufj.com,0,0,1,0
kmkfhqir@khg.com,0,1,0,0
kmqxabgy@kjkyhom.com,1,0,0,0
kmwfcbe@gaxfor.com,0,0,1,0
kmxofgbp@auuet.com,0,0,0,1
knffxq@aylxi.com,0,1,0,0
knkmgk@cceq.com,0,0,0,1
knpvvuzvar@xmrgfxy.com,0,0,1,0
knqijckifr@rof.com,0,0,1,0
knscga@hjhfg.com,0,1,0,0
knvfujn@qpu.com,0,1,0,0
koavzyzl@abkc.com,1,0,0,0
kodorzyb@slyd.com,1,0,0,0
kolciqhw@gki.com,1,0,0,0
konimznz@fmqosoa.com,0,0,0,1
koutbkn@pdhpiqa.com,1,0,0,0
kpcyp@qba.com,0,0,1,0
kpnpargqt@ukkyl.com,1,0,0,0
kpueqwrf@nobwgwg.com,0,0,0,1
kpyvoaa@eruy.com,0,1,0,0
kqdgoejp@cbkrkku.com,1,0,0,0
kqfzcwmi@unm.com,1,0,0,0
kqhftsql@bvhavjn.com,1,0,0,0
kqivp@pmpvwx.com,0,0,1,0
kqsrvshy@xoq.com,0,0,1,0
kqtej@ejk.com,1,0,0,0
kqtqy@hwlr.com,0,0,0,1
kqyvvalkx@bqtuwxc.com,0,0,0,1
krrkz@qhtfagg.com,0,0,0,1
krxuniqk@qphqoz.com,1,0,0,0
ksiwfrh@wcp.com,1,0,0,0
kspagha@bvrs.com,0,0,1,0
ksxmuf@nvyvmmt.com,1,0,0,0
kthnpl@iggsb.com,1,0,0,0
kthtvpwd@khuzqep.com,0,1,0,0
ktlqg@ruz.com,1,0,0,0
ktsqbv@ocq.com,0,0,0,1
ktuejqv@vyupxa.com,1,0,0,0
ktxmdd@ildbna.com,0,1,0,0
ktyuklmzbc@hsnjd.com,0,0,1,0
kulgiclmwe@hhiddep.com,0,0,1,0
kurhrhfrvz@xiczgmh.com,1,0,0,0
kuzqicfmlv@xtp.com,0,0,0,1
kvefpchbcd@grf.com,0,0,1,0
kvzgrkiouq@nyruuro.com,0,1,0,0
kwbeq@ozzf.com,1,0,0,0
kwgobqdw@ymwmod.com,0,0,0,1
kwlejsyh@egnf.com,0,1,0,0
kwlvdfbg@rdg.com,0,0,0,1
kwodagfbk@ayfj.com,0,1,0,0
kwrid@zpjyxlx.com,0,1,0,0
kxjckwoy@ujdyv.com,1,0,0,0
kxkegcxp@ydxkspp.com,0,1,0,0
kyatku@jxmo.com,0,0,0,1
kydiovbcx@fdj.com,1,0,0,0
kyoetohncx@sydwewj.com,1,0,0,0
kyrdrwzy@woygw.com,0,0,0,1
kywltsv@xrhch.com,0,0,0,1
kyzsuud@enhq.com,0,1,0,0
kzmekyyopr@wncapa.com,1,0,0,0
kzmhacpp@psw.com,0,0,0,1
kzzfci@qiev.com,0,0,1,0
labmqad@pvkb.com,1,0,0,0
ladveedke@bxb.com,0,1,0,0
laepeygcw@xho.com,0,0,0,1
lafpiacwyh@pfc.com,0,1,0,0
lavzsqkwbv@jgc.com,0,1,0,0
lbagkpzrp@rwg.com,0,0,0,1
lbcny@crvs.com,0,1,0,0
lbjvbf@gbng.com,1,0,0,0
lbkbyjq@khekq.com,0,1,0,0
lbnuil@urethga.com,0,1,0,0
lbpbyoxobc@zahw.com,1,0,0,0
lbqsyiea@jywevgx.com,0,0,1,0
lbubfg@ljg.com,0,0,1,0
lccqyfgmg@ufkljwa.com,0,1,0,0
lcgbw@jzp.com,0,1,0,0
lcicptqc@bjkcus.com,0,0,1,0
lcsma@eva.com,0,0,1,0
ldlvvwdl@vqn.com,1,0,0,0
ldofwmla@gduqx.com,0,1,0,0
ldoqrnkbx@djuzyt.com,0,0,1,0
ldrfqwo@hxrrqix.com,1,0,0,0
ldtbtogr@zsqdn.com,0,0,0,1
ldtrgju@vrjwgu.com,0,1,0,0
lekyjpgbh@uxi.com,1,0,0,0
lennd@eyq.com,0,1,0,0
leqgys@wozcbi.com,1,0,0,0
lerkrwcv@qtr.com,1,0,0,0
leufsc@qon.com,0,0,1,0
lezezgyzb@vlngc.com,1,0,0,0
lfkvphimm@sjpfi.com,1,0,0,0
lfogckylx@szl.com,0,1,0,0
lfyek@ttnc.com,0,0,1,0
lgcudllu@yzjwv.com,1,0,0,0
lgfwxvfzhm@okn.com,0,1,0,0
lggmui@sfwqqq.com,0,0,1,0
lgidhd@ukbdfw.com,1,0,0,0
lgrwnedt@xxd.com,1,0,0,0
lgterc@lnmy.com,0,0,1,0
lheggiqh@rphxzlf.com,0,0,0,1
lhelcji@msuwu.com,0,1,0,0
lhpxqv@pup.com,0,0,1,0
lhvuuezp@nwea.com,1,0,0,0
lhxnocm@lek.com,0,0,0,1
lhyyhz@wqb.com,0,1,0,0
libfxrgmxx@feo.com,1,0,0,0
ligzsx@dbxn.com,0,0,0,1
liltaa@lal.com,1,0,0,0
limllw@ovvdf.com,1,0,0,0
limywqlqy@ddrhc.com,0,0,1,0
liptbqjdgc@ixbq.com,0,0,0,1
lipybrf@jse.com,1,0,0,0
livdtkecu@pkzso.com,0,0,1,0
livlsmov@ihmd.com,0,0,1,0
lizcae@fmth.com,0,0,1,0
lizyaj@xhzvev.com,1,0,0,0
ljhemmp@jfpycn.com,1,0,0,0
ljhup@gzefvze.com,0,0,1,0
ljiaewi@lgvhe.com,0,1,0,0
ljjtplqtj@wpmhvev.com,1,0,0,0
ljmwfa@eczu.com,1,0,0,0
ljqdowyof@esieqc.com,0,0,1,0
ljxslosw@kff.com,0,0,1,0
ljytpczwtn@msb.com,0,0,0,1
lkamdbdtbk@cogwgaw.com,1,0,0,0
lkginymhwf@bjfd.com,0,0,1,0
lkgqlp@hjisjoz.com,1,0,0,0
lkhcp@mwm.com,1,0,0,0
lkpdxhwl@raeleox.com,1,0,0,0
lkqkngipv@rjfzitv.com,0,0,1,0
lkwmecanu@oyyvh.com,0,0,1,0
lkzocf@eplrku.com,1,0,0,0
lldatgyfr@cmbsn.com,0,1,0,0
llkkweo@fpghgsv.com,0,1,0,0
lmduu@qxisus.com,0,0,1,0
lmvqjcth@rbkzi.com,0,0,1,0
lnmvpvuir@bntruya.com,1,0,0,0
lnmzebwka@uekltxr.com,0,0,1,0
lnpbiqoif@ycnu.com,0,1,0,0
lnphryjx@akpjydr.com,0,0,0,1
loane@rlfjv.com,0,0,0,1
lofewfsugt@tkigt.com,1,0,0,0
lommmzfyp@aln.com,0,0,0,1
lonzfrm@wce.com,0,0,1,0
lopmmru@jzwuqrp.com,0,1,0,0
loqlywd@lyrxku.com,1,0,0,0
lpbol@psqi.com,1,0,0,0
lpccbfdk@gosi.com,0,0,0,1
lpfjipo@xbrej.com,0,0,0,1
lpjobre@skotgen.com,1,0,0,0
lplobptnpj@ezk.com,0,0,1,0
lpqhs@lrtqto.com,0,0,1,0
lpthtgpmdp@pxxwe.com,1,0,0,0
lpwhynibe@fkm.com,0,0,1,0
lpxso@ekntvce.com,0,0,0,1
lpyqlyl@hik.com,1,0,0,0
lqbjzd@cpd.com,0,0,0,1
lqhjbylci@fosf.com,0,0,0,1
lqqidoljjl@ewib.com,1,0,0,0
lqqxget@jqjacs.com,1,0,0,0
lqzpmdfcnv@zko.com,1,0,0,0
lriaghco@bsqw.com,1,0,0,0
lrltjd@ssbus.com,0,0,0,1
lrptvsaktw@dsxg.com,0,0,0,1
lrrwfb@stvmxgz.com,0,1,0,0
lrsuzlcf@knmquzv.com,1,0,0,0
lrumesgfnu@comznjd.com,0,0,1,0
lrvddziys@admwp.com,0,0,1,0
lrwsmhjyog@vrlqf.com,0,1,0,0
lryrufm@lsgv.com,0,0,1,0
lserjec@ydnioqs.com,0,0,0,1
lsgkwztdct@liz.com,1,0,0,0
lsjjpvtk@siieahq.com,0,0,0,1
lsoomi@vrgtdg.com,1,0,0,0
lspivxfz@elrfy.com,0,1,0,0
ltczuxcv@wlfj.com,0,1,0,0
ltkfrndxb@lmnrg.com,0,1,0,0
ltkubuf@fko.com,0,0,1,0
ltoljxvjg@wnd.com,1,0,0,0
lurvaq@kitqos.com,1,0,0,0
lutdhko@okx.com,0,0,0,1
lvcji@bunok.com,0,0,0,1
lvfavtb@dbcp.com,0,0,0,1
lvkvtmhlup@vkgqwxl.com,0,0,0,1
lvlwqdfogc@kivdnm.com,0,0,0,1
lvnwqlm@dbbmbvq.com,0,0,0,1
lvqyusbg@bfqf.com,0,0,0,1
lvsjzhxhs@dubbwzu.com,0,1,0,0
lvwkmv@bghx.com,0,0,0,1
lvzzu@pwvjpxp.com,0,0,1,0
lwavzzbb@xkjnk.com,0,0,0,1
lwftctuz@dgnjdq.com,0,1,0,0
lwgppei@jbo.com,0,0,1,0
lwkhj@plb.com,0,0,1,0
lwrttvxt@whg.com,0,1,0,0
lwxccxxz@hnms.com,0,0,1,0
lwxomdyn@clnvkj.com,0,0,1,0
lxfko@vxkqs.com,1,0,0,0
lxqhccthbd@rbbegq.com,1,0,0,0
lxqmqyt@yngom.com,0,1,0,0
lxrcpyluqz@rshefws.com,0,1,0,0
lxucerbfn@mxyqwd.com,0,0,1,0
lxuvlolpeg@fsaij.com,0,1,0,0
lxwdjk@tqrbn.com,1,0,0,0
lxzxmjyhm@ahstl.com,0,0,1,0
lybapqpaev@batjarp.com,0,0,1,0
lybvwldjmf@vsst.com,1,0,0,0
lydtl@lop.com,1,0,0,0
lyhnmp@ecvv.com,0,0,1,0
lyjqsav@kxikh.com,0,0,1,0
lykvf@nbx.com,0,0,0,1
lyobp@tgohp.com,0,1,0,0
lytasq@sysj.com,0,0,1,0
lytfdsutum@skg.com,0,1,0,0
lzehxvsz@ecyi.com,0,1,0,0
lzkjbvl@watb.com,0,0,0,1
lzmpdcekfx@eimvbw.com,1,0,0,0
lzsll@cpnlrm.com,0,1,0,0
mabvfeh@ups.com,0,0,1,0
magajmx@cgl.com,0,0,0,1
maljpxo@nggvhhf.com,0,0,0,1
malwgdnm@rmx.com,0,1,0,0
matgyi@tsfysup.com,1,0,0,0
mauaq@iex.com,0,0,1,0
mavber@vikwo.com,1,0,0,0
mavwwyr@cfav.com,0,0,1,0
mawpsqf@ztg.com,0,0,1,0
mbbij@uuf.com,0,0,0,1
mbddvkpdd@zqgdbqz.com,0,1,0,0
mbioh@zfnyijv.com,0,0,1,0
mcduobzrn@hbjzbgg.com,1,0,0,0
mcgovbdbmw@bkcmn.com,0,0,0,1
mckcenwzl@ktaqq.com,1,0,0,0
mcqlchlab@mbstedo.com,0,0,1,0
mcvcqkd@oxdejk.com,0,0,0,1
mdbiddi@ghuvhey.com,1,0,0,0
mdmmzyanxp@vdyct.com,1,0,0,0
mdqluu@hqgbn.com,0,1,0,0
mdsdqs@oqywz.com,0,0,1,0
mdsewdnxe@ufjauw.com,0,0,0,1
mdsza@ttnio.com,0,0,1,0
mebjfwzp@ttgla.com,0,1,0,0
medpuopkvn@idmm.com,0,1,0,0
meeivxr@mkh.com,0,0,0,1
mepiz@ydltgi.com,0,1,0,0
metwzibv@qomucm.com,0,1,0,0
mezdnmbfpe@qthxtm.com,0,1,0,0
mfcuajcb@yqmxxuz.com,0,0,0,1
mfglkbonhi@mbmlw.com,0,1,0,0
mfmichxqpa@admazg.com,0,0,0,1
mfvtwoptkj@iscpy.com,0,0,1,0
mfzootmsd@rcwzs.com,0,0,1,0
mgevgxpzp@jqr.com,0,0,1,0
mgjcwqr@gmspv.com,0,1,0,0
mgpvqcpqlz@kyeel.com,0,1,0,0
mgrzf@hpzadkq.com,1,0,0,0
mgwcq@pilrj.com,1,0,0,0
mhbudqnyne@gddgcah.com,1,0,0,0
mhegnvvop@owlhd.com,1,0,0,0
mhkdtd@makin.com,0,0,0,1
mhtut@qgscra.com,0,0,0,1
mhwlrei@wpuq.com,1,0,0,0
miegziey@yie.com,0,0,0,1
mieybfa@uijfsqv.com,0,0,0,1
miflw@scmzfvf.com,0,1,0,0
mijcvukg@oxihx.com,1,0,0,0
mirctg@shbwat.com,1,0,0,0
mjglnnhup@wxxy.com,0,0,0,1
mjrftdlp@mmpjyfd.com,0,0,0,1
mjwocx@ahjao.com,0,0,1,0
mjyagwqbd@pxea.com,0,1,0,0
mjyncnlyhz@ubgy.com,0,0,0,1
mjzraed@hqw.com,0,0,1,0
mkmojckdjr@fsma.com,0,0,0,1
mkxcs@pch.com,0,0,1,0
mlmopjgz@ariyjy.com,0,0,1,0
mlqseapcx@vvoqxe.com,0,0,1,0
mlrzxorxi@egddzmk.com,0,1,0,0
mlzch@rzqqfn.com,1,0,0,0
mmhuditb@vvj.com,0,1,0,0
mngxz@qtp.com,0,0,0,1
mnhxeib@sbtmd.com,0,0,0,1
mntxoifnip@kzb.com,0,0,0,1
mnyhewfn@run.com,1,0,0,0
mnzmk@wjfeunm.com,1,0,0,0
modjdcyiy@dntgm.com,0,0,0,1
moiywplx@xulvh.com,0,0,1,0
motjvm@neardsz.com,0,0,0,1
motximy@reupsmx.com,0,0,1,0
mouvbmy@bfsd.com,1,0,0,0
moytqsy@ndp.com,0,0,0,1
mpbqtj@ddjpehg.com,0,0,1,0
mpdtor@bmt.com,0,0,0,1
mphzlfxdnj@lnzgex.com,1,0,0,0
mpraexyu@skfvdyv.com,0,1,0,0
mpuugrnyx@bjzh.com,0,1,0,0
mqbbkzj@dhcu.com,0,0,0,1
mqdepzvz@pdkguh.com,1,0,0,0
mqgox@bhjuurt.com,0,1,0,0
mqinbhgjb@nqbqeoz.com,0,1,0,0
mqmqp@zpnnkbk.com,0,0,1,0
mqmuad@jduac.com,0,0,1,0
mqpzhbfh@icqgz.com,0,0,1,0
mqrmgjc@hkskfe.com,0,1,0,0
mqrpourys@mtmay.com,0,0,0,1
mqueodw@yxas.com,0,0,1,0
mrbhso@vrmbk.com,0,1,0,0
mrfacinify@dkjtl.com,0,1,0,0
mrgihp@wvd.com,0,0,1,0
mrlgbyywy@qvs.com,0,0,1,0
mrnwmsif@gusazsm.com,0,0,1,0
mroitplgio@mnhes.com,0,0,1,0
mrqgfjhw@ewzg.com,0,0,0,1
mrvith@fsbpn.com,1,0,0,0
mrxiiyoodq@bhqskh.com,1,0,0,0
msedvxdhp@cgbbc.com,0,0,1,0
mszcgw@otwvlr.com,0,0,1,0
mtdrgsv@vcc.com,0,0,0,1
mtkklayxn@zkjuaf.com,0,1,0,0
mtsovq@ppmh.com,0,0,1,0
mtufgpp@whdhxj.com,0,1,0,0
mtzjovxyju@dssq.com,0,0,1,0
muaana@sir.com,0,1,0,0
mueriqu@ffzk.com,0,1,0,0
mugcqv@ebek.com,0,0,1,0
mugzx@vogtsml.com,0,0,0,1
muwfx@flp.com,0,0,0,1
muywqzmdu@hgiisgi.com,1,0,0,0
mvdea@ryd.com,0,0,1,0
mvecgj@bljtyfq.com,0,0,0,1
mviqprnfl@bya.com,1,0,0,0
mvjoej@act.com,0,0,0,1
mvkana@igzw.com,0,0,0,1
mvnwd@gaa.com,0,0,1,0
mvtzrgx@ydncpjm.com,0,0,1,0
mvtztqy@duvc.com,0,1,0,0
mweophy@jbkssu.com,0,1,0,0
mwkqdzfau@vtgrck.com,0,0,1,0
mwpnxqrl@gibooa.com,0,0,1,0
mxaopnwdz@lwleq.com,0,0,1,0
mxaydqfipl@fha.com,1,0,0,0
mxgik@poffak.com,0,0,1,0
mxlifz@ibmzjei.com,0,0,1,0
mxmtunvm@kiftvy.com,1,0,0,0
mxqdlpgp@lns.com,0,0,0,1
mxrxesha@yunmz.com,0,1,0,0
mxrzqk@bqxm.com,1,0,0,0
mxsxxl@dopr.com,0,0,0,1
mxtli@aod.com,1,0,0,0
myapopemhl@gsfugzp.com,1,0,0,0
mylceosf@hdwqm.com,0,1,0,0
mymolljmj@zlp.com,0,0,1,0
mymssku@zzj.com,1,0,0,0
myoiibjyyz@yub.com,1,0,0,0
myqigykzho@msvm.com,0,0,0,1
mzkscwjlsu@qjxwhbt.com,0,1,0,0
mzktno@ljdk.com,0,0,0,1
mznihvddw@tpjoe.com,0,0,0,1
mzoiu@mwibd.com,0,0,1,0
mzpba@zuxg.com,1,0,0,0
mzqja@shdzkc.com,0,1,0,0
mzutn@btblvvu.com,0,1,0,0
nabta@wrzdye.com,0,1,0,0
nadlw@abkmlt.com,0,0,1,0
nahymod@bzsc.com,0,1,0,0
namhr@vsfjne.com,1,0,0,0
naqblqjz@ceomim.com,0,0,0,1
naxivvl@jzkwaqz.com,0,1,0,0
nbpupmchg@eogt.com,0,0,1,0
ncgxybeaua@rqal.com,0,1,0,0
ncjnt@jnczkm.com,0,0,0,1
nclkjsz@swz.com,0,1,0,0
ncpojo@umda.com,0,0,1,0
ncyidr@xmgt.com,1,0,0,0
ndcqknwj@dyjb.com,1,0,0,0
ndjrptq@hxwwp.com,1,0,0,0
ndkiqy@keamttq.com,0,0,1,0
ndkzkkn@jenf.com,0,1,0,0
ndrqdfwret@fnq.com,0,0,1,0
necogwtz@ivqffy.com,1,0,0,0
nedcklhcuo@vrq.com,1,0,0,0
neflckvl@xyumyjp.com,0,0,1,0
neiflsghfj@kalhlmi.com,1,0,0,0
nembpto@oao.com,0,0,1,0
nerdfdehrb@wjd.com,0,1,0,0
newecfrvp@dowxzeb.com,0,0,1,0
nexmpu@ooehels.com,0,1,0,0
nfkbo@mjwr.com,0,0,1,0
nfndk@bedlg.com,0,1,0,0
nfogqpx@mzwaeqg.com,1,0,0,0
nfpotdkrvc@bae.com,0,0,0,1
nfylqaljdy@iomrn.com,0,1,0,0
ngaygenu@imeyxa.com,1,0,0,0
ngodcthgw@knm.com,0,1,0,0
nhbntwraf@snizzs.com,0,0,0,1
nhcniou@szatcz.com,0,1,0,0
nhhlq@olhuni.com,0,0,0,1
nhizxxgz@lzyp.com,0,0,1,0
nhjzz@lsfdc.com,0,0,1,0
nhlhlathq@vjwpjzr.com,0,0,1,0
nhlwdns@jldt.com,0,1,0,0
nhnpwfelh@itufrq.com,0,1,0,0
nhqdhl@fzft.com,0,1,0,0
nhqmzqv@zzsknsz.com,0,1,0,0
nidvpr@ntycjl.com,0,1,0,0
niknwkhtsm@shf.com,0,0,0,1
niohdd@yxppnbg.com,0,0,1,0
niwuhqy@daeougt.com,0,0,1,0
njbpmk@gwln.com,0,0,0,1
njctfnkfl@brd.com,1,0,0,0
njdqgdkn@winqcle.com,1,0,0,0
njkvalht@kjcvgfs.com,0,0,1,0
njpnkogiiv@cxz.com,0,0,1,0
njvtqo@pzw.com,0,0,0,1
nkmwnwuma@oufwrs.com,0,1,0,0
nkwxog@ssnt.com,1,0,0,0
nlgvpmyww@zqlzwkj.com,0,0,0,1
nlgwxvpzg@olzrmx.com,0,0,0,1
nlhpas@iof.com,0,0,0,1
nllryqao@uxebq.com,0,0,0,1
nlnmkqfj@kma.com,0,0,0,1
nlwxexpci@yoenj.com,1,0,0,0
nlxlbxe@dztwav.com,0,0,1,0
nlyvr@qatsz.com,0,1,0,0
nmbwhyp@bekmxue.com,0,0,1,0
nmiowpbtl@xeya.com,0,0,0,1
nmjbl@mug.com,0,0,0,1
nmpxq@ghyfdb.com,0,0,0,1
nmundm@jeoprb.com,0,0,1,0
nmvswxqijr@klgqh.com,1,0,0,0
nmwbjjmd@vadlri.com,1,0,0,0
nnfzv@leust.com,1,0,0,0
nnhzk@czca.com,0,0,1,0
nnlwx@kerecz.com,0,0,1,0
nnmtq@tmi.com,0,1,0,0
nnwcnid@jmizz.com,0,1,0,0
nobvlztx@zjxnds.com,1,0,0,0
nodap@jsckg.com,0,0,1,0
nodly@kzge.com,0,0,0,1
nontj@uohcy.com,1,0,0,0
nooqngv@gixym.com,0,0,1,0
noseonvs@cnik.com,0,1,0,0
npdfmjcrmp@ieqe.com,0,1,0,0
npdpptkqjn@ipqycv.com,0,0,0,1
nphkyopbf@gximc.com,1,0,0,0
nprtl@zmvy.com,1,0,0,0
nqdpfjlnf@nkj.com,0,0,1,0
nqhcmfnk@mna.com,1,0,0,0
nqimqaazcl@tyn.com,0,0,1,0
nqxiad@hdr.com,0,1,0,0
nrptptyl@ofxutcp.com,0,0,1,0
nrxjvft@qzoja.com,0,1,0,0
nrzwiia@kem.com,0,0,1,0
nsjxlos@lyqmdt.com,0,0,1,0
nssgmmzmmu@auejv.com,0,1,0,0
nstmy@alzuqwt.com,1,0,0,0
nsxhxyrm@wrfir.com,0,1,0,0
ntajkezmvi@jxukq.com,0,0,1,0
ntdqlrj@gorr.com,1,0,0,0
ntfmcarmqh@iaibxo.com,0,1,0,0
nthrqhzfid@ucuaeva.com,0,0,1,0
ntnvcdny@hwl.com,0,0,1,0
ntxcttfj@etfhlh.com,0,0,1,0
nubxmg@vmfvdno.com,1,0,0,0
nuehukfq@nppmf.com,0,1,0,0
nuoknbyjf@fzkivgv.com,0,0,0,1
nupjatsztm@vbq.com,0,0,1,0
nurwuwknsz@zzhe.com,1,0,0,0
nusexeg@qwwz.com,1,0,0,0
nvlztmn@dewcun.com,0,0,0,1
nvnmjp@khmenus.com,0,0,1,0
nvtzsevqz@gezdypf.com,0,1,0,0
nvzitno@zihsi.com,0,1,0,0
nwdikvorp@ymrqqfg.com,0,0,1,0
nwfup@jxokqe.com,0,0,0,1
nwgmhs@ywkev.com,1,0,0,0
nwhmjgkc@lstkcw.com,0,1,0,0
nwixy@jmchalp.com,0,1,0,0
nwodx@situylj.com,0,0,1,0
nwqxlalueh@mothi.com,1,0,0,0
nwtcymmyt@tpsm.com,0,1,0,0
nwtiizhvc@ettfc.com,1,0,0,0
nwumfcd@xgo.com,0,1,0,0
nwwomd@sopyk.com,0,1,0,0
nwwrp@zbyumyu.com,0,0,0,1
nxfyjyosf@glxn.com,0,1,0,0
nxkgxgqxtk@esqvztr.com,0,1,0,0
nxkkjzlid@cbem.com,0,1,0,0
nxqlixgnv@ygaw.com,1,0,0,0
nxqyi@wbptvrk.com,0,1,0,0
nygsrujrm@ddqajad.com,0,0,0,1
nyhrwyigm@tdfth.com,1,0,0,0
nymcid@amsi.com,1,0,0,0
nzfidmxi@uluci.com,0,1,0,0
nzqlr@xcta.com,1,0,0,0
nzqve@njzyyxp.com,1,0,0,0
nzymh@vsozhz.com,0,0,0,1
oaozbccqt@ebkcx.com,0,0,0,1
oatvblard@vlw.com,0,0,0,1
oauiz@bpa.com,1,0,0,0
obbsstrej@podigm.com,0,1,0,0
objlqh@mttmz.com,1,0,0,0
obkojkvvxf@eyrb.com,0,0,1,0
obkvjovrtr@tliubjt.com,0,0,0,1
obllpheg@rlinrp.com,0,0,0,1
obnsyz@isgezxk.com,0,0,0,1
obombb@pcvuyj.com,0,1,0,0
obrahdrmup@qqy.com,0,0,1,0
obxozzgb@mvrbzrj.com,0,1,0,0
ociyzrp@buev.com,0,0,0,1
ocoratkxz@niczebl.com,0,0,1,0
ocpzkr@lsbdd.com,0,0,0,1
octeciw@tbssr.com,0,0,0,1
ocxdnxxd@nid.com,0,0,1,0
ocxvmamlz@ctguaq.com,0,1,0,0
ocyex@rqvd.com,1,0,0,0
odcrauydxc@chr.com,0,0,1,0
odpoxwze@vsmaiov.com,0,1,0,0
oejpuqrjs@hrs.com,0,0,1,0
oephl@bgcgjq.com,0,0,0,1
oepkg@hvumd.com,0,1,0,0
oeqdgks@xvaoqs.com,0,0,0,1
oetnxnbk@ory.com,1,0,0,0
oeyhwkuzsd@fpp.com,0,1,0,0
ofdol@vfnsd.com,0,1,0,0
ofhnd@dbaa.com,1,0,0,0
oftgmcntc@vnnn.com,0,0,0,1
ofyqxmq@qfe.com,1,0,0,0
ofzymnmq@yjorms.com,1,0,0,0
ogguebztuq@vqyz.com,0,0,0,1
ogktbmuqi@zrgydgn.com,1,0,0,0
ogpfzvb@wfyqvj.com,0,0,0,1
ogpvbamrg@gteqpl.com,0,0,1,0
ogtuwfyda@ilsbxlk.com,0,1,0,0
ogtwmq@ojwar.com,1,0,0,0
ogyewyw@sze.com,0,1,0,0
ogzrbwrij@tibfabp.com,0,0,1,0
ohfhv@hlqzpy.com,1,0,0,0
oikmsafmv@nlwlon.com,0,0,0,1
oiney@vtri.com,0,0,1,0
oiwdkeu@rlfyu.com,0,0,1,0
oiyqkzt@gufwm.com,0,0,1,0
oiznhb@yvegdx.com,1,0,0,0
ojkbkjz@cbh.com,0,0,0,1
ojsswzp@qfsk.com,0,0,1,0
ojugdmw@atcn.com,1,0,0,0
ojuietecsy@xzzivke.com,0,0,1,0
ojuzj@hvd.com,0,1,0,0
ojzhbjvgdg@zlzlaxc.com,1,0,0,0
okezd@dlzlvo.com,0,0,1,0
okojdzyuwc@wzmj.com,0,0,0,1
okvup@pttk.com,0,1,0,0
okwudqukzv@puh.com,0,1,0,0
okyldity@awen.com,1,0,0,0
oloqx@anmh.com,0,0,0,1
omeadb@rbyz.com,1,0,0,0
omhueu@qodw.com,0,0,0,1
ommlxvci@vzmn.com,0,0,1,0
omsykuahj@rlpww.com,0,0,1,0
omtsp@wdzs.com,1,0,0,0
onafcobup@xfkfyj.com,0,0,0,1
onbcejp@qddcm.com,0,0,0,1
onhbd@ffnbx.com,1,0,0,0
onhcld@uzqwqu.com,1,0,0,0
onidrfmg@zekg.com,0,0,1,0
onjty@lqjz.com,1,0,0,0
onjytpvxf@cmnv.com,1,0,0,0
onnfsofaqv@bxfgjuv.com,1,0,0,0
onvbhnew@iwlc.com,1,0,0,0
onysdbuw@ozc.com,0,1,0,0
oochzjov@traj.com,0,0,0,1
oopesvj@jufckw.com,0,0,1,0
ooshmzbsj@tqg.com,1,0,0,0
ooxods@qns.com,1,0,0,0
opcuvgeo@kooa.com,0,0,0,1
opdaowy@njwdns.com,1,0,0,0
opiuickdrv@vnhsf.com,1,0,0,0
opiyvtlggz@odyi.com,1,0,0,0
opjvjh@gcllab.com,1,0,0,0
oplsosjz@vmehscz.com,0,0,0,1
opnvdcp@ndktxte.com,0,0,1,0
opoqmnbdz@tnwyhau.com,1,0,0,0
opxgeuxv@tsmowp.com,0,0,1,0
oqagtvnxq@ehnvqz.com,0,0,0,1
oqgdtkzti@fwbceah.com,0,0,0,1
oqrfc@wfre.com,0,0,0,1
oqsvy@spstn.com,0,0,1,0
oqtfexage@gre.com,1,0,0,0
oqysotlyv@hjqbq.com,0,1,0,0
oresit@aslusv.com,0,0,1,0
orgxnzt@cswn.com,0,1,0,0
orwqljqrjp@ffn.com,0,1,0,0
osvtoniobf@chw.com,0,0,0,1
oszthfo@qfleacs.com,0,0,1,0
otbcwg@aehifcq.com,0,0,0,1
otlap@didx.com,1,0,0,0
otmvidc@sbul.com,1,0,0,0
otnfuogtx@txxafq.com,0,1,0,0
otqfjcljy@nliocd.com,0,0,1,0
ottlwpvfv@obg.com,1,0,0,0
ottpnoz@shiabh.com,0,0,0,1
otzddvcdyz@pccd.com,0,0,1,0
oulrpnwjd@rquvk.com,1,0,0,0
oupqhk@uag.com,0,1,0,0
ousjdn@djrqgby.com,0,0,0,1
ovfxnat@gyioezx.com,0,1,0,0
ovkxpjsgzf@umjlpqi.com,0,1,0,0
ovnhmlwxe@gmee.com,1,0,0,0
ovtjpahk@qjou.com,0,0,0,1
owblbvngge@phqxtz.com,0,0,1,0
owdqk@ittihro.com,0,0,0,1
oween@zkeyz.com,0,1,0,0
owjbnvagb@nkvms.com,0,0,1,0
owojjlqnyz@dkdkzd.com,1,0,0,0
owwsheyy@arj.com,1,0,0,0
owxtlmpd@ztgt.com,0,1,0,0
owyhcjzew@lcxq.com,0,1,0,0
oxbizbu@szkea.com,0,1,0,0
oxjlb@gzfwj.com,0,1,0,0
oxjxhgph@jsodimc.com,0,0,0,1
oxnwux@iwa.com,0,1,0,0
oxuovxkyca@izplefv.com,0,0,0,1
oxutrhubqm@ppc.com,0,0,0,1
oxxeh@jbw.com,0,0,1,0
oxzagdbw@evolw.com,0,0,1,0
oyfcib@dbvt.com,0,0,0,1
oyhsoatug@obqk.com,0,0,0,1
oykggzi@ottwb.com,1,0,0,0
oylsrakxc@znkcuvx.com,1,0,0,0
oyokwoanau@edujm.com,1,0,0,0
oysat@jtwxazg.com,0,0,1,0
oyvchlzf@ryajwu.com,0,1,0,0
ozboxib@yzo.com,0,1,0,0
ozhgepgii@xbyd.com,0,0,0,1
oziegpxuq@nadm.com,0,0,0,1
ozopbbceba@exsf.com,1,0,0,0
ozxilav@wuaczdy.com,1,0,0,0
paallp@animsq.com,0,1,0,0
pajaalzstv@lhvg.com,0,0,0,1
pajfjrscg@lcbc.com,1,0,0,0
pajzf@myahs.com,0,1,0,0
papurf@danvl.com,1,0,0,0
paryb@ogi.com,0,1,0,0
payldfjp@fkgbds.com,0,0,0,1
pbluafftmk@ebpjod.com,0,0,0,1
pbnlt@vbml.com,0,0,0,1
pbsifvlg@trriyw.com,0,0,0,1
pbxuu@hngg.com,1,0,0,0
pcblf@vmkq.com,0,0,1,0
pceey@tiapk.com,1,0,0,0
pckqftp@hfihaa.com,0,1,0,0
pcqerksai@smlppu.com,1,0,0,0
pcvjrgqr@tpamdrr.com,1,0,0,0
pdfnmfraf@uskelp.com,0,0,0,1
pdtjuuereb@gqslrb.com,0,0,1,0
pehlzv@fdn.com,0,0,1,0
pepecxyum@svpxw.com,0,1,0,0
pevscdnhks@awlvmx.com,0,0,0,1
pevspk@eht.com,0,0,1,0
pfagk@prxfdxe.com,0,0,0,1
pfezpstx@iancm.com,1,0,0,0
pfnlwo@esfyo.com,0,0,1,0
pfvgyc@vfuyz.com,0,0,0,1
pfvsxnzezj@xhwdmih.com,0,1,0,0
pfwhfsrx@hjnzi.com,1,0,0,0
pgdnkghua@dzfkzod.com,1,0,0,0
pgfepit@vfjv.com,0,0,0,1
pghuyjgtox@pcqasu.com,1,0,0,0
pgidmjfh@vynkpx.com,0,0,1,0
pgmyyqiyir@upba.com,0,1,0,0
pgvlw@yxg.com,0,0,1,0
pgwmvzt@bfehdeh.com,0,0,1,0
pgzbes@pvldcr.com,0,0,1,0
phbkr@vpuun.com,0,1,0,0
phcdst@nrs.com,0,0,1,0
phjbucdc@sob.com,1,0,0,0
phkmbczn@qca.com,0,0,1,0
phqzlwcbc@hxc.com,0,1,0,0
piaued@tkct.com,0,1,0,0
pighcio@jfrsm.com,0,0,1,0
piiuph@kzf.com,1,0,0,0
pipzc@wuysvv.com,1,0,0,0
pitoewhd@zjzye.com,0,0,0,1
piuibashfh@zupk.com,0,0,1,0
pjhtxft@old.com,1,0,0,0
pjhuuuucc@pdtsw.com,1,0,0,0
pjklnc@znshjt.com,0,0,1,0
pjnwlcham@joicg.com,0,0,1,0
pjouo@ieroqt.com,0,0,0,1
pjqucrvy@lobpig.com,1,0,0,0
pjsrkdeqc@ljqrmcu.com,0,0,0,1
pjxoz@xtcy.com,1,0,0,0
pjxtjbdxhm@mzn.com,0,0,0,1
pkdzx@syrguel.com,1,0,0,0
pkjuxffw@fticibk.com,0,1,0,0
pklxglb@nfryrua.com,1,0,0,0
pkvapqyg@gzc.com,0,0,0,1
pkvqfycea@hugjjqd.com,0,0,1,0
plfhi@mizkrf.com,0,0,0,1
plftkbe@iilxzjc.com,0,1,0,0
plpvkkl@qwol.com,1,0,0,0
plufo@gsfgsp.com,0,1,0,0
pluqx@dxyun.com,0,1,0,0
pmatbdcqne@xlmyoui.com,0,0,0,1
pmnnbjkl@qbs.com,0,0,1,0
pmurquogjv@hdtz.com,0,1,0,0
pmxyysa@wiug.com,0,0,0,1
pnbrakkl@pdxuh.com,0,0,1,0
pnbze@yfadmpd.com,0,0,0,1
pndomcmr@doqwkf.com,1,0,0,0
pndsptmld@tnf.com,0,0,1,0
pnfpqwaary@ujokppj.com,1,0,0,0
pnlatwm@qfkad.com,0,1,0,0
pnnwfm@kqetshc.com,0,0,0,1
pnrbg@adfkj.com,1,0,0,0
pnsfry@qjmagot.com,0,0,0,1
pntmknq@tiv.com,1,0,0,0
pnwjewvtha@dyspjxj.com,1,0,0,0
pnwpb@ktkg.com,0,0,1,0
pnzmcbapft@sdfquc.com,1,0,0,0
pnzwxhefu@nqnxclq.com,0,0,0,1
pohbz@cwuvwj.com,0,0,0,1
pohdfketsi@peeqo.com,0,0,0,1
poszexgrp@zribut.com,0,0,0,1
poxowjrjbz@hpfzrf.com,0,0,1,0
ppczdwcst@omwidzw.com,0,1,0,0
ppgkm@wgpr.com,1,0,0,0
pphpehge@qskl.com,0,1,0,0
ppmft@bjurrlo.com,0,1,0,0
ppzkpbewt@fgel.com,0,1,0,0
pqbymgs@hlebqlr.com,0,1,0,0
pqfkhzdipg@feqb.com,0,0,1,0
pqnieebtz@qqs.com,0,0,0,1
pquemvkjd@vjufna.com,1,0,0,0
pqvzxoht@ypzidr.com,0,0,0,1
pqywd@wfn.com,1,0,0,0
prbth@sfrmxdy.com,0,0,1,0
prolfrs@qupjnl.com,0,0,0,1
prrdrt@qzob.com,0,0,1,0
pryxyvkg@pczzk.com,0,1,0,0
pslvsz@hmxd.com,0,1,0,0
psxzkazk@lohbo.com,1,0,0,0
ptgdx@cewjq.com,1,0,0,0
pthuj@uileo.com,0,1,0,0
ptjqxl@vqaiuuw.com,0,0,1,0
ptqbni@dqczghw.com,0,1,0,0
pttxjma@bnqh.com,0,0,1,0
pucitjh@vdvvc.com,1,0,0,0
puherq@hcb.com,1,0,0,0
puhyfmzqz@xjp.com,0,0,1,0
puomjpd@vqfx.com,0,0,0,1
puowucdf@hkbpri.com,0,1,0,0
puweog@bsfrck.com,0,0,0,1
pvaur@gqkjmv.com,0,0,0,1
pvcit@eaz.com,1,0,0,0
pvdrbxy@ufbmgk.com,1,0,0,0
pvequsc@duiolt.com,0,1,0,0
pvevihcc@trn.com,0,0,1,0
pvhkisaqs@gbqjfp.com,0,0,0,1
pvjzbpn@lbxbz.com,1,0,0,0
pvnqnezcc@iisjqp.com,1,0,0,0
pvqyir@zfuy.com,0,0,1,0
pwaeefowou@ttxfzw.com,1,0,0,0
pwkrhat@myweku.com,0,0,0,1
pxoqw@sejkwlp.com,0,0,0,1
pxrjl@uysf.com,0,1,0,0
pxtrxx@qswy.com,1,0,0,0
pycdzpp@jdkdxx.com,0,0,1,0
pycnipg@rza.com,0,1,0,0
pydrny@uwk.com,0,1,0,0
pyess@melxizv.com,1,0,0,0
pylvaujfa@gvy.com,0,1,0,0
pysovas@yyuaci.com,1,0,0,0
pyxzfd@box.com,0,1,0,0
pzljiztduo@ckawti.com,0,0,1,0
pzoxdz@newrmk.com,0,1,0,0
pzqfjuqo@jnbve.com,0,0,1,0
pzsdl@khujt.com,0,0,1,0
pzuhb@zolfn.com,0,0,0,1
pzviaiw@jqzivp.com,0,0,1,0
pzyuixv@oneh.com,0,0,0,1
qahoudpm@ypnhx.com,0,1,0,0
qarqwvs@yzx.com,0,0,1,0
qauvftwjuh@rxbl.com,0,0,0,1
qbfsvxukj@dupywc.com,0,0,1,0
qbhlgrsq@lpgzhj.com,0,0,0,1
qbsjdttt@nzc.com,1,0,0,0
qbumjok@ilp.com,1,0,0,0
qbwek@takoi.com,0,1,0,0
qbwnrcjck@pvh.com,0,0,0,1
qbylb@kbns.com,1,0,0,0
qchqox@tqoicu.com,0,0,0,1
qcpvlcrlny@zbh.com,1,0,0,0
qcrfnj@mxhnhn.com,0,1,0,0
qcrubv@hrmrhua.com,0,1,0,0
qcvcz@wspqjng.com,1,0,0,0
qdkkfyz@ecfklfg.com,0,1,0,0
qdnvuiwv@yhznnui.com,1,0,0,0
qdsxbjl@htbx.com,1,0,0,0
qdvsvdwx@xehrqq.com,0,1,0,0
qefrwgl@jxuikww.com,0,0,0,1
qegtsbeal@bwk.com,0,0,1,0
qegvvi@qrd.com,0,1,0,0
qekqxht@rnm.com,0,0,1,0
qesaphwrf@mlwb.com,0,1,0,0
qexypez@irv.com,0,0,1,0
qfcqbwrve@vdk.com,0,0,1,0
qfeqhzag@tsvy.com,0,1,0,0
qffgm@pubvrp.com,0,0,1,0
qfirjwsh@mqxqyz.com,0,0,1,0
qfkpf@swmlnan.com,1,0,0,0
qfnxi@sksao.com,0,0,1,0
qfoitoll@muf.com,1,0,0,0
qfrzpggcq@sqh.com,0,0,1,0
qfsbihi@azxqee.com,0,0,1,0
qgbjzsfa@avwewg.com,0,0,0,1
qgbnhw@gfqyoc.com,0,0,0,1
qgcmlg@dqj.com,0,1,0,0
qgmjfj@yjw.com,1,0,0,0
qgsizlt@sollab.com,0,0,1,0
qhervpqhw@lwsddq.com,1,0,0,0
qhgnisxm@efh.com,0,1,0,0
qhmms@xlmcg.com,0,0,0,1
qhnyfir@zdtc.com,0,0,0,1
qhtsjglo@kmmalr.com,0,1,0,0
qhudgd@npllqg.com,0,0,0,1
qiaanud@uwbfr.com,0,0,1,0
qidhfhzay@tvmatrn.com,1,0,0,0
qiiagjarl@veywcdw.com,0,0,1,0
qillwj@ifoubxz.com,0,0,0,1
qirik@iaaiq.com,0,0,1,0
qitmpcfwfc@cfz.com,0,1,0,0
qjcauh@dogyhg.com,0,1,0,0
qjdwwrsdyi@pyix.com,1,0,0,0
qjiyfsvjz@ukvqvgc.com,0,0,1,0
qjkmcaoycl@maax.com,0,0,1,0
qjmlx@oejc.com,0,1,0,0
qjrqimnm@bdx.com,0,0,1,0
qkdmhgz@mlccfzv.com,0,0,1,0
qkhyyyjb@eclc.com,0,1,0,0
qkjxacz@gdwcz.com,0,0,0,1
qkkdpb@rltra.com,0,1,0,0
qkush@mpbzfzx.com,0,0,0,1
qlavk@fge.com,0,0,1,0
qlpsqyjai@rudskc.com,0,1,0,0
qlrsws@nkyk.com,0,1,0,0
qlxymbhpb@iaqoatk.com,0,0,0,1
qmdajpd@zac.com,0,0,0,1
qminysq@ansgxnc.com,0,0,0,1
qmrddzydje@eol.com,1,0,0,0
qmtel@nwjlkx.com,0,0,0,1
qmzej@rwnrrvc.com,0,0,1,0
qmzkzbm@ewbrz.com,0,0,1,0
qnfgpb@azrlv.com,0,0,1,0
qnflqkntyt@yvaj.com,0,0,0,1
qnjcimzbo@whv.com,1,0,0,0
qnrgs@sxnm.com,0,1,0,0
qnydwrcoat@sstlmb.com,1,0,0,0
qodbguojnc@wzl.com,0,0,1,0
qoesmsxu@kaa.com,0,1,0,0
qoeuhkvmyz@ssrqly.com,1,0,0,0
qopburu@ukwjiih.com,0,1,0,0
qovuhj@zct.com,1,0,0,0
qoyjgm@tnabq.com,0,0,0,1
qpbjth@kjsooe.com,1,0,0,0
qpjdayjxd@hpdray.com,0,0,0,1
qpjno@gcine.com,1,0,0,0
qpxnhumb@eaji.com,0,0,1,0
qqbem@pdgq.com,1,0,0,0
qqsxm@cyimm.com,0,0,1,0
qqutjbjo@pjeezei.com,1,0,0,0
qqyfxzwme@rrjiz.com,0,0,0,1
qrgbjfkq@bzxxhe.com,0,0,0,1
qrjkl@foi.com,0,0,0,1
qrlxo@mialtw.com,0,0,0,1
qrxlyjmlx@ujfp.com,0,1,0,0
qrzeq@hzvmfk.com,1,0,0,0
qsdvmdqii@tjuzyag.com,1,0,0,0
qsjcsm@rrdrl.com,1,0,0,0
qsvhkgn@sjjnxl.com,1,0,0,0
qtawupolse@hlymzs.com,0,0,1,0
qtfix@wywrvwn.com,0,0,0,1
qtiykfqtk@qzcfuc.com,0,0,0,1
qtohcgptkz@gvfp.com,0,0,1,0
qtuymjzcj@fbeapc.com,1,0,0,0
qtwolsdtun@jeizxz.com,0,1,0,0
quati@fqssm.com,0,1,0,0
quhdi@phf.com,0,0,0,1
qumvolvrht@ytixse.com,0,0,1,0
qusbmeasm@fcdyk.com,0,0,0,1
qvmvqss@xqi.com,0,0,0,1
qvnenjrcb@gacd.com,0,0,0,1
qvsottq@evprikt.com,0,0,0,1
qwhmqdipc@uqwddk.com,0,0,1,0
qwnzknh@zmuna.com,1,0,0,0
qwttrgyuz@jokjb.com,0,1,0,0
qwxkrfip@fuizlkx.com,0,0,1,0
qxhwadwio@rpj.com,0,0,0,1
qxixcum@pmogxgj.com,0,1,0,0
qxjqjzeu@mdqsfia.com,1,0,0,0
qxladoyt@flslv.com,1,0,0,0
qycsuzxpbt@nptij.com,0,0,0,1
qyehjdgo@nwtmhm.com,1,0,0,0
qyesze@cig.com,1,0,0,0
qyfdcuft@yybucjf.com,0,0,1,0
qyghf@sgxlhq.com,0,0,1,0
qykwm@lkg.com,0,0,1,0
qyqleeciv@wrmgfqh.com,1,0,0,0
qysbo@jfhbloo.com,0,1,0,0
qyzdo@vvxt.com,1,0,0,0
qzcajsp@ozh.com,0,0,0,1
qzelms@ead.com,1,0,0,0
qzewdlhb@lyk.com,0,1,0,0
qzfqiaf@ncd.com,0,1,0,0
qzgjohhoif@fleeed.com,0,0,0,1
qzkdeg@ujaaqcn.com,0,1,0,0
qzkrt@qav.com,0,0,0,1
qzksj@eel.com,1,0,0,0
qzomkq@txh.com,0,1,0,0
rasbqhqrc@ddgonb.com,0,0,0,1
rauzcut@byz.com,0,1,0,0
rayjds@vkqs.com,1,0,0,0
rbcess@fiuwosi.com,0,1,0,0
rbcqshv@uxkt.com,0,0,0,1
rbnrszt@iakuhpi.com,0,1,0,0
rbopncbh@nuhghw.com,0,1,0,0
rbpzhurkg@oonrczz.com,0,0,0,1
rcagtn@muwc.com,0,0,0,1
rcbeknwo@fdyzrkh.com,0,1,0,0
rciyrtirp@tfcdgsg.com,1,0,0,0
rcpuxy@udvhyuz.com,0,1,0,0
rcuuz@ktbmm.com,1,0,0,0
rcwhq@moikor.com,0,0,1,0
rdbgvp@xhswgkx.com,0,0,0,1
rdjoos@ksu.com,0,0,1,0
rdjyynoois@pdvpb.com,1,0,0,0
rdnxfd@tty.com,0,1,0,0
rdslnl@sofx.com,0,1,0,0
rdujdfbnkr@zgfu.com,0,0,1,0
rduwifhcpp@dqyx.com,0,1,0,0
reanas@jka.com,0,0,1,0
refmbsgqeg@onb.com,1,0,0,0
repktjy@nrtt.com,0,1,0,0
repxwqih@nsieb.com,0,0,0,1
resdothfe@tec.com,1,0,0,0
retab@xvrvj.com,0,1,0,0
reuzw@ofysjz.com,0,0,0,1
revfyc@czzqiih.com,0,0,0,1
rfxvm@qxrxyr.com,0,1,0,0
rfyws@vte.com,0,0,1,0
rgexame@hym.com,1,0,0,0
rgeyo@kbavlxs.com,0,0,1,0
rgfwdtnwat@bhu.com,0,1,0,0
rgmjloh@lcotpyi.com,0,1,0,0
rgmwkgisyi@ultvxn.com,0,1,0,0
rgqreke@jlstbr.com,0,0,0,1
rhepfl@bibhdd.com,0,1,0,0
rhphmpvd@jvxkrpx.com,0,0,1,0
rhsructsex@jbf.com,0,0,0,1
rhyrro@tzyo.com,0,0,0,1
riaeb@itjrwym.com,0,0,1,0
riharoik@vdvfn.com,1,0,0,0
rillzvz@khsirx.com,0,0,0,1
riloxqvi@xclu.com,0,0,1,0
ripcojrsw@ittkup.com,0,0,0,1
ripdfxlp@ili.com,0,0,1,0
riugakxngm@cqwfes.com,0,0,1,0
riwyp@dgwmmo.com,0,1,0,0
rjhdrtq@cle.com,0,1,0,0
rjjaktjl@kwrvil.com,0,0,1,0
rjnpwjpzwi@jnuk.com,0,0,1,0
rjxjd@faurwpr.com,0,1,0,0
rkdmu@reik.com,0,0,0,1
rkfpvc@gvo.com,1,0,0,0
rkhifdfpn@rqrinz.com,0,1,0,0
rkkddq@njfrdtm.com,0,0,1,0
rktycq@bjt.com,0,1,0,0
rkwcshzjhx@jquectt.com,1,0,0,0
rlamttz@rjudlt.com,0,0,1,0
rldwzdtprv@kah.com,0,1,0,0
rleprmole@kvwo.com,1,0,0,0
rlfpd@rxkkc.com,0,0,0,1
rlnbkgan@enstba.com,0,0,0,1
rlocqdoxrb@hpbu.com,0,0,0,1
rmbrts@ipjm.com,0,1,0,0
rmfukz@yeovsyp.com,0,1,0,0
rmkrqxd@pun.com,1,0,0,0
rmmqgtvfpz@mlunuo.com,1,0,0,0
rmqfj@rvhcwg.com,0,0,1,0
rmxvnadx@kxb.com,0,0,0,1
rmybvpofrc@pqb.com,0,1,0,0
rmyybapauk@gexoebl.com,0,0,0,1
rmzzhd@lnvspu.com,0,1,0,0
rnfxpfmt@owiie.com,0,0,1,0
rnkrbxohs@irhuax.com,0,0,0,1
rnxiaxfwj@ellbmuu.com,0,0,0,1
roebtayy@cygm.com,0,1,0,0
rogjcdr@eaz.com,1,0,0,0
rohxuih@grfua.com,0,0,1,0
roigjjz@dwcspgi.com,1,0,0,0
rosxg@flgsjn.com,0,0,0,1
rouqjhyz@fdxsdql.com,0,0,0,1
rowlbajkt@bndof.com,1,0,0,0
rpefc@mnc.com,0,0,0,1
rpferrmowc@kgqd.com,0,1,0,0
rpfkngs@lvhcwtl.com,0,1,0,0
rplgdzwla@rkdbkk.com,0,0,0,1
rpoqaytffr@txjysbt.com,0,0,1,0
rprepsms@antt.com,0,1,0,0
rprzcp@oye.com,1,0,0,0
rptfqlaenq@diugmvg.com,0,1,0,0
rpubxk@oywukal.com,1,0,0,0
rpzblbaf@mft.com,0,0,1,0
rqbjqb@zzkbm.com,0,0,1,0
rqejeuke@llw.com,0,1,0,0
rqflm@xoz.com,1,0,0,0
rqjbbwnqu@bequler.com,1,0,0,0
rqkblhxwb@aoittfx.com,1,0,0,0
rqlfezcxd@fpqpik.com,0,0,0,1
rrbtgu@sosrgpt.com,0,1,0,0
rrgvuot@reguoq.com,0,1,0,0
rrncuefc@owpf.com,0,0,0,1
rrrtqo@dla.com,0,0,0,1
rryhqhctk@posoc.com,0,0,1,0
rsbvez@kkqj.com,0,0,0,1
rshsb@vjccc.com,1,0,0,0
rsjpvxs@qwr.com,0,0,0,1
rtfnx@opgogi.com,0,0,1,0
rtfrt@ofeu.com,0,0,0,1
rtgvszj@sqefnxb.com,0,0,1,0
rthnbwfap@doogxkz.com,0,1,0,0
rtimgnkn@dxa.com,0,0,0,1
rtsuperdbr@cyqm.com,0,0,0,1
rtttrrmxzw@suzd.com,0,0,1,0
rtzky@jdfafr.com,0,0,1,0
rubuevh@qgjd.com,0,0,1,0
rueahmgvb@efzrrut.com,0,0,0,1
ruetn@srdth.com,1,0,0,0
rufsmbt@lnv.com,1,0,0,0
ruied@skcdgmw.com,0,0,0,1
runfnrqdm@rxggec.com,0,1,0,0
ruoyzdn@btss.com,0,0,0,1
rusof@uqxixq.com,1,0,0,0
ruxkysmx@bhidsy.com,0,0,1,0
rvipjgpd@aktz.com,0,0,0,1
rvmfthmuk@zxd.com,0,0,0,1
rvncfp@rejdjkh.com,0,0,0,1
rvwsyiy@kpb.com,0,0,0,1
rvycsgqdon@gqdevv.com,0,1,0,0
rwazrz@mdntcx.com,0,0,1,0
rwdlpxi@qqf.com,0,0,0,1
rwoiw@bjb.com,0,0,1,0
rwomt@skx.com,0,0,0,1
rwppybm@cdgy.com,0,0,0,1
rwpyhz@dqopayg.com,1,0,0,0
rwrrplsp@ylm.com,0,0,1,0
rwxrfadwdr@cyv.com,1,0,0,0
rwzxouo@yohi.com,0,0,1,0
rxdju@lyg.com,0,1,0,0
rxwydhqocc@iccr.com,0,0,1,0
rxzipnghz@pbhdd.com,1,0,0,0
rybwrxs@iyvi.com,0,0,0,1
rymcbsuqrs@ipuixpn.com,0,0,0,1
ryndrk@dmaelpw.com,0,0,0,1
rynlyy@pyv.com,0,0,1,0
ryuhfrtdcb@cxtk.com,1,0,0,0
ryuszjmm@dnnbblm.com,1,0,0,0
ryvpbptobz@havy.com,1,0,0,0
rzclnndz@dhhd.com,0,0,1,0
rzdaarv@jjzuky.com,1,0,0,0
rzfbdcc@ypefyf.com,1,0,0,0
rziqwgnd@tfftqm.com,1,0,0,0
rzlhb@fcoeil.com,0,0,0,1
rzslbrjay@jap.com,1,0,0,0
rzytaur@sjocii.com,0,0,1,0
sagrbep@fag.com,0,1,0,0
saqqh@tbaxg.com,0,0,0,1
savmbgokc@wsje.com,0,0,0,1
sayxi@npxxu.com,0,0,1,0
sbipmq@kbffmlf.com,0,0,0,1
sbprhtrcgl@uaq.com,0,0,1,0
sbqjdgtfw@hfoc.com,0,0,1,0
sbrtyka@uokqt.com,0,0,0,1
sbzkqdmfwg@eqkh.com,0,0,0,1
schnhgbdis@bigaaxn.com,0,0,1,0
scklo@vuoow.com,0,0,1,0
scmgawqfq@vmcgebx.com,0,0,1,0
scozcltgw@nkhxw.com,0,1,0,0
scuoxf@ixriauf.com,0,1,0,0
scwegnull@iftu.com,0,0,0,1
scwslwki@dsyk.com,0,1,0,0
sdawyc@cyfnf.com,0,0,1,0
sdcjmkrtgb@vhvypib.com,0,1,0,0
sddgzc@tpx.com,1,0,0,0
sdewj@rxtm.com,1,0,0,0
sdezjjushv@rnkhv.com,0,1,0,0
sdnka@bhk.com,0,0,0,1
sdqiztwog@oub.com,0,1,0,0
sdtpvscjh@vbmf.com,0,0,0,1
sdwnyyjqy@btzy.com,0,0,1,0
secnsxirw@zbtd.com,0,0,0,1
seftd@gzn.com,0,0,0,1
seprw@pzu.com,0,1,0,0
setdh@jsax.com,0,0,0,1
sexfsrfn@zwfwnur.com,0,1,0,0
sfgqastp@pyryzx.com,0,0,0,1
sfguuv@kjyj.com,0,1,0,0
sfjvimwz@byzg.com,0,0,1,0
sfjzbhie@dakcgn.com,0,1,0,0
sflbicwz@qgj.com,0,1,0,0
sfmllwpjw@foyh.com,0,0,0,1
sfnqpu@clvwfz.com,0,0,1,0
sfwnw@xethmw.com,0,1,0,0
sgbrdhoqg@rsppxs.com,0,1,0,0
sgcvrgunwh@icogf.com,0,0,0,1
sgedutsuh@juyfpum.com,0,0,0,1
sgfyhjq@htloft.com,1,0,0,0
sgmayuqkte@brgs.com,0,0,0,1
sgplvxw@nakexp.com,0,1,0,0
sgshqnan@cgodyzh.com,0,0,0,1
sgwuomu@bgbo.com,1,0,0,0
shgefxwg@otw.com,0,1,0,0
shnrhdc@vrpkivl.com,1,0,0,0
shnthkck@upxk.com,0,0,0,1
shrcw@syfu.com,0,1,0,0
siehxjz@tuvdjna.com,0,0,0,1
siotsjvz@ktabuu.com,0,1,0,0
sipihjt@eek.com,0,0,0,1
siwrdhytza@qhihm.com,0,0,1,0
sjbjr@zwfoa.com,1,0,0,0
sjhto@usgbcsb.com,0,0,1,0
sjrjrirbbs@illghk.com,0,0,0,1
sjrlkmrrud@gzqf.com,1,0,0,0
sjrwioemi@aggyus.com,0,1,0,0
sjwgjuquca@yfrn.com,0,0,0,1
sjwiesh@cggsgl.com,0,0,1,0
skkfia@wlnha.com,1,0,0,0
skknbnxnj@knou.com,0,0,1,0
skmshx@ehdqptb.com,0,0,0,1
skokbq@fyocm.com,0,0,0,1
skpnejd@dznl.com,1,0,0,0
skwwpor@ojh.com,0,0,0,1
slaary@urpkat.com,0,0,1,0
slhcd@cdxgn.com,0,0,0,1
slnjxqprj@asnlee.com,0,0,1,0
slpigfvvqw@pcd.com,1,0,0,0
slxrkctl@uwsgex.com,1,0,0,0
smklu@bpxh.com,0,0,0,1
smlqgiiyli@itvc.com,0,0,1,0
smzobhk@cdwij.com,1,0,0,0
sncptwv@czgnxl.com,0,1,0,0
snddje@hobfbe.com,0,0,1,0
snqeev@emv.com,1,0,0,0
snqkugl@djfuk.com,0,0,1,0
sobfoqn@qnpyrfb.com,0,0,1,0
sobmrmnkgb@ryvlut.com,1,0,0,0
solfgcym@ytksd.com,1,0,0,0
sonpjze@sxwuf.com,0,0,0,1
sostlom@zlywkr.com,0,0,1,0
spebjlvne@ziihdr.com,0,0,1,0
spfhisalev@bqnsjq.com,1,0,0,0
spilturqmp@bxvmbpx.com,0,0,0,1
spnbn@qbs.com,0,1,0,0
spqpzkkh@gnemwpk.com,0,1,0,0
spscbnobf@oqx.com,0,1,0,0
sqedbccg@yqhi.com,0,1,0,0
sqexbzhbp@uqxr.com,0,0,0,1
sqfuiq@pqivqyb.com,0,1,0,0
sqlca@jvdpz.com,0,0,0,1
sqrcs@trxn.com,0,0,1,0
sqwmyml@wzsi.com,0,1,0,0
sqxvrnppi@bojukr.com,0,1,0,0
srathhnp@dpkq.com,1,0,0,0
sreczoerj@dgebl.com,0,0,0,1
srsxak@gajvzhl.com,0,0,0,1
srvfeq@svzldav.com,1,0,0,0
ssbtsdwan@bweynr.com,1,0,0,0
ssgvjjmoi@crkxqa.com,0,1,0,0
sshxjieoi@xyrwqps.com,0,0,1,0
sslmppgmz@nlx.com,0,0,1,0
ssspcgzoq@wjmqdmi.com,0,1,0,0
ssxhhk@dqtbwo.com,0,1,0,0
stcpvhqqo@msyjlt.com,0,0,1,0
stfzretzb@vokmm.com,1,0,0,0
stmuwtt@noim.com,0,1,0,0
strhgi@xqazab.com,0,0,1,0
stuepsmyg@aoj.com,1,0,0,0
stwceg@jjun.com,0,1,0,0
suatqdzozx@lfxxb.com,1,0,0,0
suhpyxow@eaevgzp.com,1,0,0,0
suxdjgcysy@nol.com,0,0,0,1
suyvgw@lvgejq.com,0,0,1,0
sveyaud@hmj.com,0,0,1,0
svhoudpn@ozrws.com,1,0,0,0
svonat@jnpzoi.com,0,0,1,0
svpcwlwvw@ojjo.com,0,0,0,1
svtaf@udvd.com,0,0,1,0
svufjmbel@hfbqq.com,0,0,1,0
swglmbhmk@mwglbvh.com,0,0,0,1
swjcseqego@dpljk.com,0,0,1,0
swkjflp@tprqd.com,0,1,0,0
swonyeawp@eoqy.com,0,0,0,1
swrxk@ikhdpus.com,0,1,0,0
swscx@qbb.com,0,1,0,0
swuhebfh@xquezfo.com,0,0,1,0
swval@ygpza.com,0,0,1,0
swymqou@rxzzcx.com,1,0,0,0
swzxlehll@rywezy.com,0,0,0,1
sxert@psgonyl.com,0,1,0,0
sxiugtqjyi@zqbaky.com,1,0,0,0
sxkhqckce@ogmbp.com,1,0,0,0
sxkzmia@rtsztnn.com,0,1,0,0
sxnhrfased@irkp.com,0,0,0,1
sxnzhqks@dkogf.com,0,0,1,0
sxtkafn@grwo.com,0,1,0,0
sxtwrrgz@vimax.com,0,1,0,0
sydhn@yag.com,1,0,0,0
syefg@gzubqh.com,0,1,0,0
syeusnze@aclpomu.com,1,0,0,0
sygud@yrcblg.com,0,0,1,0
syhxh@nfimhh.com,1,0,0,0
syijm@uucavh.com,0,0,0,1
syusdj@iqxhe.com,0,1,0,0
syyrjiut@pdatcnh.com,0,1,0,0
syzcjrorwv@vmxhjmx.com,0,0,0,1
szdqdm@aocls.com,0,1,0,0
szgvjvgw@aiqbti.com,1,0,0,0
szhdzgw@jlks.com,1,0,0,0
szmyczu@mnied.com,0,0,1,0
szphkrvqqu@seytw.com,0,1,0,0
szrelub@zhlt.com,1,0,0,0
szumlm@aoe.com,0,0,0,1
szxhchtq@ijg.com,0,1,0,0
taitgq@cfq.com,0,1,0,0
tajfve@lniq.com,0,1,0,0
takiogw@ysqxvt.com,0,0,1,0
tatcpkv@csdd.com,0,0,1,0
tbijeci@wbsj.com,0,0,0,1
tbiwwlc@ieejfg.com,0,1,0,0
tbmaedxuiu@qeuv.com,1,0,0,0
tbocc@aqy.com,0,0,1,0
tbpkxwhcug@gklpga.com,0,1,0,0
tcicmye@qbm.com,0,0,1,0
tclxux@fjd.com,0,1,0,0
tcwgnhe@vrpkl.com,1,0,0,0
tcxxzo@dpi.com,0,1,0,0
tddyax@lmz.com,0,0,1,0
tdmeoj@plrjoz.com,0,1,0,0
tdqcxkxcr@vwuvpt.com,0,0,0,1
tdsxdprkvg@xliur.com,0,1,0,0
tdvgv@vevw.com,0,0,1,0
tdxrxspjl@xqkjfpj.com,0,0,0,1
teasdwe@hqsrjb.com,0,1,0,0
tedtg@tpxjin.com,1,0,0,0
tehuiv@iuzh.com,1,0,0,0
telfshrmp@ebd.com,0,0,0,1
tengsocab@ztyx.com,1,0,0,0
tesvootans@gvfkm.com,0,0,0,1
tewtshx@wavuhgt.com,0,1,0,0
tfbenclq@ryjkb.com,1,0,0,0
tficssbmu@ofpvcl.com,0,0,0,1
tfrmzoe@dnlnn.com,1,0,0,0
tfuxihen@zwytf.com,0,0,1,0
tglnm@upl.com,0,0,1,0
tgqyqlb@hxvcar.com,1,0,0,0
tgulvmgtd@fsnivug.com,0,1,0,0
tgxrcfhas@esbmz.com,0,0,1,0
tgyixsbd@trzxx.com,0,1,0,0
tgzuka@oej.com,0,0,0,1
thdsopbax@aoudb.com,0,0,1,0
thmfmo@nmoz.com,0,0,0,1
thpvlrdb@rtncl.com,0,0,1,0
thpvzve@tpzir.com,0,0,1,0
thxldz@noqtkwx.com,0,0,1,0
tidgvbze@eyuzcsn.com,1,0,0,0
tifcgk@efglwgu.com,0,1,0,0
tilmviy@hoqlb.com,0,0,0,1
tilolpct@uruk.com,0,1,0,0
tioixiggly@zgqpdfv.com,0,0,1,0
titxfkh@ebv.com,0,0,0,1
tjiwh@ecfu.com,0,1,0,0
tjjinakf@vjxylj.com,0,0,0,1
tjrsgfrn@sjog.com,0,0,1,0
tjxkkph@etac.com,0,0,0,1
tjxngxpmo@kufworr.com,0,0,0,1
tjxvrrzx@wsynfyr.com,1,0,0,0
tkdmijjlwh@oqari.com,0,0,0,1
tkghdcrx@mbntav.com,0,0,1,0
tknskpecyp@zoj.com,0,1,0,0
tkyapuiv@xvpda.com,1,0,0,0
tldpsgat@khj.com,0,0,1,0
tliwkkvf@xnlyba.com,0,1,0,0
tljxlzmz@kiagabd.com,1,0,0,0
tllcqu@vzmycf.com,0,1,0,0
tlldvl@mvfr.com,1,0,0,0
tlskjdsu@rrofd.com,0,0,0,1
tlvejcps@nwzaox.com,1,0,0,0
tmasccpn@dcfqmp.com,0,0,1,0
tmdvbpsa@lcibb.com,0,0,0,1
tmotxynzn@dtzg.com,0,0,0,1
tmpaxl@qazcfdi.com,0,0,1,0
tnajmw@aqy.com,1,0,0,0
tnbtsfb@ldyi.com,1,0,0,0
tnfcay@kkc.com,0,0,1,0
tnfuhg@cccg.com,0,1,0,0
tnjwf@nfnpouj.com,0,0,0,1
tnkeiaa@rwhopu.com,1,0,0,0
tnpiqzshwa@ieyg.com,0,0,0,1
tnsbw@oeu.com,1,0,0,0
tnznhnnspg@jndheda.com,0,0,1,0
tocqngd@zro.com,1,0,0,0
tocyqp@dvcoe.com,0,1,0,0
toebmu@zbhqok.com,0,0,0,1
tofqyiific@gtkk.com,0,0,1,0
tokylqo@uardsue.com,1,0,0,0
toxme@ewmc.com,0,1,0,0
toxnxl@fhblbnz.com,0,0,1,0
tpefybnvp@xiib.com,0,0,0,1
tphdeiznin@xkf.com,0,0,1,0
tphjsthj@zckdz.com,0,0,0,1
tpjkv@dwlixh.com,0,0,1,0
tpzhzcv@hjmfw.com,0,1,0,0
tqawzbvmm@dvnj.com,0,0,0,1
tqfcdzsnrr@ccgtert.com,0,0,0,1
tqfmyyso@eko.com,0,0,0,1
tqjsb@bmlu.com,0,0,0,1
tqjsrxhzm@kxt.com,0,0,0,1
tqpzv@mcdfv.com,0,1,0,0
tqvthud@hzxhsi.com,0,0,1,0
traelfvz@osl.com,0,0,0,1
trfnrfqpu@loryuaw.com,0,0,1,0
trmzin@ual.com,0,1,0,0
trtxbhukz@ermpi.com,0,0,1,0
trufg@askha.com,0,0,1,0
tryslj@fhuyj.com,0,0,0,1
tsfdg@pftmqpp.com,0,1,0,0
tsgzwkfu@mbgwpzv.com,0,1,0,0
tsjph@ittcn.com,1,0,0,0
tssxou@utxafgn.com,0,0,1,0
ttcyqefev@vnhgba.com,1,0,0,0
ttgfe@venun.com,0,0,0,1
tuaxdee@xpo.com,0,1,0,0
tucfk@umvjvc.com,0,0,0,1
tuitssy@sljfcw.com,0,0,0,1
tuizh@tbmg.com,0,0,0,1
tunzvxrpx@ezee.com,1,0,0,0
tuqptl@eqnaoae.com,0,1,0,0
tuvbmytc@agsj.com,0,0,0,1
tvpbtb@pftnrx.com,0,0,0,1
tvrof@jipjhv.com,0,1,0,0
tvrypzc@bxjngd.com,0,1,0,0
tvzolgt@xjmknc.com,0,0,0,1
twamcp@huv.com,0,1,0,0
twbul@tlkm.com,0,0,0,1
twgphjy@vufbv.com,0,1,0,0
twikaanu@dtdtfv.com,1,0,0,0
twnszp@jxjih.com,0,1,0,0
twtqlo@tbjtnkt.com,0,0,0,1
twwzgjkw@lxqf.com,0,1,0,0
txavqsjhcf@llsdk.com,0,1,0,0
txfjw@nnxbi.com,1,0,0,0
txgdwltfv@shtu.com,0,0,1,0
tydjolkikw@auovn.com,0,0,0,1
tydmvlt@urnyyh.com,1,0,0,0
tyflrwoytp@pcch.com,0,0,0,1
tykjloade@blasenr.com,0,0,0,1
tyuoxtq@fpahfpi.com,0,0,0,1
tyuzwskln@igyt.com,0,0,0,1
tyzau@pwecvyp.com,1,0,0,0
tzckex@yzl.com,0,1,0,0
tzfup@cvefj.com,1,0,0,0
tzhfoxdy@znpe.com,0,1,0,0
tzlzb@yaah.com,0,1,0,0
tzzdpokyrb@wgb.com,0,0,1,0
uaciqvswuy@hspqu.com,1,0,0,0
uaoaq@myqm.com,1,0,0,0
uaqipso@bnzqbch.com,0,0,1,0
uazvhcebli@lxyz.com,0,0,0,1
ubapognlzd@ximnaiy.com,1,0,0,0
ubcodzdspf@hmzudf.com,0,0,0,1
ubevfnq@pxfpoaq.com,0,1,0,0
ubqdcrso@tkqaou.com,1,0,0,0
ucbch@oklla.com,0,1,0,0
ucewklilk@hlqledw.com,1,0,0,0
ucfush@vbwhf.com,0,0,1,0
ucjmduk@jzxe.com,0,0,1,0
ucjqcrkxs@xybjxaq.com,0,0,1,0
ucpldsuaqh@lcfgmv.com,0,0,1,0
ucrjzjzz@lcbpt.com,1,0,0,0
ucsdsp@yhzldej.com,1,0,0,0
ucwhwsn@hst.com,0,0,0,1
udede@kjynxjz.com,1,0,0,0
udgxamxii@gmundk.com,1,0,0,0
udmtnoocuu@dzne.com,1,0,0,0
udmwv@ggfl.com,0,1,0,0
udracacnzj@ovou.com,0,1,0,0
ueaaorx@jmqg.com,0,1,0,0
ueegxtdm@cchmuyq.com,0,1,0,0
uefijt@kzc.com,1,0,0,0
ufccbxmzj@bewc.com,0,0,0,1
ugbowsa@vdwx.com,1,0,0,0
ugedmpljl@zevopi.com,1,0,0,0
ugjckqqh@xkwq.com,0,1,0,0
ugmxh@sstjcz.com,0,0,0,1
ugxki@zzfbsf.com,0,0,0,1
ugxybucb@pdlvrtm.com,0,0,0,1
ugzqfnf@tvtmgt.com,1,0,0,0
uhajq@qezr.com,1,0,0,0
uhgnlbaz@joufdf.com,0,0,1,0
uhmlrhriz@sqszanc.com,1,0,0,0
uhsucmverh@gemva.com,1,0,0,0
uiavctgera@mokga.com,0,0,0,1
uidxekbgz@vqrnqgv.com,0,1,0,0
uifqavy@ptibkr.com,0,0,1,0
uiivixrx@plisgjv.com,0,0,0,1
uimdib@hyu.com,1,0,0,0
uissyswst@fwl.com,1,0,0,0
uiukgloi@qin.com,0,0,0,1
uizxc@lvpjg.com,0,0,0,1
ujgaus@oyaboxe.com,1,0,0,0
ujibpyxfr@gii.com,0,0,1,0
ujwsgauv@rxnv.com,1,0,0,0
ujyzj@cehwqf.com,0,0,1,0
ukhufamo@cahhq.com,1,0,0,0
ulpidiamt@mzhyso.com,0,0,1,0
ulsxzps@exgmock.com,0,0,0,1
ulvhnztv@ddqby.com,0,0,1,0
umgxho@rvvhdhx.com,0,1,0,0
umounjd@lyy.com,1,0,0,0
umsuqalx@egod.com,0,1,0,0
umtugkkri@xwqt.com,1,0,0,0
umxrg@olo.com,0,1,0,0
unqbqbwsd@smm.com,0,1,0,0
unrzhmzod@cbhhr.com,1,0,0,0
untagf@pnbb.com,0,1,0,0
uojyxnf@sjgv.com,0,1,0,0
uopckd@dgcqhfs.com,0,1,0,0
uotflwbfaj@qpm.com,0,0,1,0
uotnl@stsxuyq.com,0,1,0,0
upcyrymqwg@nkxt.com,0,0,1,0
upczqpaoro@pnoyl.com,1,0,0,0
uphnyhp@oddrtm.com,0,1,0,0
upixrioyn@utefgto.com,0,0,1,0
upreomw@nruidg.com,0,0,1,0
uqaym@qotev.com,0,0,1,0
uqcrtic@smwqbr.com,0,1,0,0
uqper@whcoyhk.com,0,0,1,0
uqufgay@aletg.com,1,0,0,0
uragyixks@ielsv.com,0,0,0,1
urffm@ksx.com,0,0,0,1
urqmnp@cjueo.com,0,0,1,0
urwubk@spzcvp.com,0,0,1,0
urwzb@juq.com,1,0,0,0
urzxfo@anbhq.com,1,0,0,0
usdhzc@lqole.com,1,0,0,0
usfilsfa@ddyqmep.com,1,0,0,0
usqgiih@qwvmzo.com,0,0,0,1
usvbkhic@vnel.com,1,0,0,0
uswufq@dinfy.com,0,0,1,0
utkdfs@gzdor.com,0,0,1,0
utpbc@htbo.com,0,0,1,0
utqkkpmp@lwpz.com,0,1,0,0
utzndsm@ydozpc.com,0,0,1,0
uubesua@roxs.com,1,0,0,0
uujjl@hkfle.com,0,1,0,0
uukqhiu@bboac.com,1,0,0,0
uuvjxz@esxcz.com,0,0,0,1
uuxzhvqt@xkir.com,0,0,1,0
uvelhlmg@hipjzr.com,0,1,0,0
uvfrjvhjs@xebk.com,0,1,0,0
uvgiq@gfa.com,0,0,0,1
uvivhmy@wdekd.com,0,0,0,1
uvjnncvsvx@jqge.com,1,0,0,0
uvtdcfusi@yizjpsd.com,0,0,0,1
uvxosdef@qithrs.com,1,0,0,0
uvzwhtk@uugn.com,0,0,0,1
uwjdnavx@fpz.com,0,0,0,1
uxffos@hldfz.com,0,0,0,1
uxgjsehd@zkoqjdb.com,0,0,0,1
uxjydx@dhvrdy.com,1,0,0,0
uxuovbru@wvur.com,1,0,0,0
uxztjzqa@znny.com,1,0,0,0
uyeef@vefte.com,1,0,0,0
uyjddcf@ablge.com,1,0,0,0
uyuksgvi@nyk.com,0,0,1,0
uyvaiwgf@uvszkqd.com,0,0,1,0
uzebihpw@rfusv.com,0,0,1,0
uzfshggzg@cqsdafv.com,0,0,1,0
uzipcsxnmr@gpsl.com,1,0,0,0
uzjgrrgm@pbeym.com,0,1,0,0
uzjgwdde@siwh.com,0,0,1,0
uzvmqac@cogy.com,0,1,0,0
uzxjeddx@ocai.com,0,1,0,0
vaegnyd@hddvzkl.com,0,1,0,0
vafnzif@cywmet.com,0,0,0,1
vahuxqragc@ljjkwag.com,0,1,0,0
vaoiw@mne.com,0,0,0,1
varld@vbd.com,1,0,0,0
vbgpl@njar.com,0,1,0,0
vbrhiihumq@bqj.com,0,0,0,1
vbrtjahq@oyzpf.com,1,0,0,0
vcaioox@waxuckd.com,0,0,0,1
vcjux@tzppbjh.com,0,1,0,0
vckkcemixn@vaeeim.com,0,1,0,0
vcmzhflz@waa.com,1,0,0,0
vcthtviym@vepo.com,1,0,0,0
vcvnxgb@utqifjm.com,0,0,1,0
vdeysvcq@ublzrxo.com,0,0,0,1
vdkmgyfp@tgw.com,1,0,0,0
vdmtqkhp@fgtbxj.com,1,0,0,0
vdxyq@mec.com,1,0,0,0
vebvovkgdm@ggplsmw.com,0,1,0,0
vebwa@vljtxtv.com,0,0,0,1
veemhf@cagdzli.com,0,0,1,0
veetjqrvdh@esnydv.com,1,0,0,0
venplmw@yow.com,0,0,1,0
verfiyhskr@oap.com,0,0,0,1
vewunt@uwnek.com,0,1,0,0
vfihqwhhlz@qptduak.com,0,0,1,0
vfinryjgq@mnpvi.com,0,1,0,0
vfmztjz@uagd.com,0,1,0,0
vfnbxczfp@qhtpuw.com,0,1,0,0
vfwbzd@vdkiri.com,1,0,0,0
vfxjokla@aiolzu.com,1,0,0,0
vgakzwyl@bep.com,1,0,0,0
vgdrpx@jnz.com,0,1,0,0
vgknh@goczldc.com,0,0,0,1
vhbptfrhr@ycmpke.com,0,0,0,1
vhcdim@qjel.com,0,0,0,1
vhdzgqb@aip.com,0,1,0,0
vhhgb@jodl.com,0,0,0,1
vhhkn@vorcmgh.com,1,0,0,0
vhlharr@amoxou.com,0,0,0,1
vhqhoa@lvp.com,0,0,1,0
vhqzwafd@jipcmf.com,0,0,1,0
vhurkwl@ygiceo.com,0,1,0,0
vibmbhr@jsrwccu.com,1,0,0,0
vifpqo@kme.com,0,0,0,1
vigcmrftqw@zlogcsu.com,0,0,0,1
viwylnymw@kaqapq.com,0,1,0,0
vixkoivtu@rgazhl.com,1,0,0,0
viynbkg@xfo.com,0,0,1,0
vjfto@rtdga.com,1,0,0,0
vjiodnqtb@errpafh.com,0,0,0,1
vjitnpnwjd@zfrebkn.com,1,0,0,0
vjiuqvi@bydoc.com,0,0,0,1
vjpfnw@zdp.com,0,1,0,0
vjsjk@rsxp.com,1,0,0,0
vjuwqtd@rdhvlmi.com,0,0,0,1
vkersci@cvdcwst.com,1,0,0,0
vkoeg@neyyn.com,0,0,0,1
vkpzz@caz.com,0,0,1,0
vkwyiwmmbg@lgywp.com,1,0,0,0
vkyycgvjcr@hdryfkm.com,0,0,0,1
vlavloaqf@kwlsz.com,0,1,0,0
vlfaymsh@newlme.com,0,1,0,0
vlmqhuk@wkd.com,0,0,1,0
vlsmrmkq@fjroeq.com,0,0,1,0
vltbc@oonxm.com,1,0,0,0
vltyv@vvwt.com,0,0,0,1
vmeshexybd@kzfc.com,0,0,1,0
vmiom@abs.com,0,1,0,0
vmolkp@vkkzg.com,0,0,1,0
vmxvklrj@dvs.com,0,0,0,1
vmxzgr@mpdgdkb.com,1,0,0,0
vmzol@umtmu.com,0,1,0,0
vnkji@licsijs.com,0,1,0,0
vnlqrpqw@ypn.com,0,0,1,0
vntgojmpj@jsobkd.com,0,0,1,0
vnvtsgy@ebgyrin.com,1,0,0,0
vnzracxge@kylvs.com,0,0,1,0
voaprr@ccvhusk.com,1,0,0,0
vojhaxnko@rqe.com,0,0,0,1
vpmvd@ajv.com,0,0,1,0
vprhzkjz@ehhbyn.com,0,1,0,0
vptqoqzidl@lpvgsa.com,1,0,0,0
vpwjwrspol@lnhff.com,0,1,0,0
vqacj@lxabhzs.com,0,0,1,0
vqfmzmf@whgoka.com,0,0,0,1
vqgxzcv@erzhyj.com,0,0,0,1
vqndlptp@dvbqy.com,0,0,1,0
vrdifo@kuu.com,0,1,0,0
vremf@wrgy.com,0,1,0,0
vrevqw@ozhv.com,0,1,0,0
vrfnm@nyuktha.com,1,0,0,0
vrlbl@lbutl.com,0,0,0,1
vryqsvsmlk@ytzwp.com,0,0,1,0
vscvfd@csxmzvd.com,0,0,1,0
vsflv@lgkkd.com,0,0,0,1
vsohtoghb@zciz.com,0,0,0,1
vsupgezypu@dxr.com,0,0,0,1
vsyynhbyrk@dzvrl.com,0,1,0,0
vtfyeou@gzma.com,1,0,0,0
vtkaeiqlwm@eobisrh.com,0,0,0,1
vtlvnffztn@fqkob.com,0,0,1,0
vtvciutfxb@isjhs.com,1,0,0,0
vtvlgkff@jzlkam.com,0,0,0,1
vuegwntjcl@skakbx.com,0,0,0,1
vuixbgeh@fskdhp.com,0,0,1,0
vutjsobgke@qhqx.com,0,1,0,0
vvdeovzip@nhykogn.com,0,0,0,1
vveklad@ypdyuo.com,0,0,1,0
vvwev@yktqcc.com,0,0,1,0
vwdrzrw@uguqb.com,0,0,0,1
vwitvoqioy@rtc.com,0,0,0,1
vwtiuaekm@ddly.com,0,0,0,1
vxaktvww@esatwbu.com,0,0,0,1
vxblvt@tuzsyry.com,0,0,1,0
vxidpr@wtlr.com,1,0,0,0
vxjxzwha@xhrb.com,0,0,0,1
vxqirhokko@ydmrkr.com,0,0,0,1
vxromdqflp@qnne.com,0,0,1,0
vxznwyqi@cudcg.com,1,0,0,0
vyadakx@ykw.com,0,1,0,0
vyaihdoy@tydvwzj.com,0,1,0,0
vybrw@dqepb.com,0,0,0,1
vycohbqsjd@rgycr.com,0,0,1,0
vypfuwxg@ctwxl.com,1,0,0,0
vyvasp@cgo.com,0,0,0,1
vyvktquc@xabgcg.com,0,0,0,1
vzfbnwjirb@djtctkc.com,0,0,0,1
vzrbv@dgowu.com,0,1,0,0
wathhppbpr@oincto.com,1,0,0,0
waufmcx@pgjruk.com,0,0,0,1
wavfelh@nqsiv.com,1,0,0,0
wayhuaryi@guhlh.com,1,0,0,0
wbcezwslx@ysqx.com,0,0,1,0
wbdbpqvxgy@tqysaf.com,0,0,1,0
wbdmgebe@jomn.com,1,0,0,0
wbepfxqkda@fjefms.com,0,0,0,1
wbwvpoih@cjr.com,1,0,0,0
wcbhjztt@acodk.com,1,0,0,0
wcbovrijdh@kkuyfkj.com,1,0,0,0
wcdykwcf@qxzesi.com,1,0,0,0
wcglaurv@qqldxkc.com,1,0,0,0
wcnbdltmp@bsjrds.com,0,0,0,1
wczgdbj@qnha.com,0,1,0,0
wdbvp@xaacfuh.com,0,0,1,0
wdmsayn@tnwlf.com,0,0,1,0
wdnej@dsulieh.com,0,1,0,0
wdxpvt@oibac.com,0,0,0,1
webukabx@qsx.com,0,1,0,0
wejmsio@zdkxkm.com,0,1,0,0
weqcvm@jndobh.com,0,0,0,1
weqywzgvbu@xjvfog.com,1,0,0,0
wetfex@ndbelsa.com,1,0,0,0
wetuf@xsydxi.com,0,0,0,1
wevhjtp@gqaryv.com,1,0,0,0
wexamqbjr@dxopybw.com,0,0,1,0
wfdbvkqb@rdrn.com,0,0,0,1
wfebkzo@ijne.com,0,0,1,0
wfhkzsih@pqxkzlk.com,1,0,0,0
wfmrmn@gets.com,1,0,0,0
wfujb@gwnccxo.com,0,0,1,0
wfuqxz@jdtpkw.com,0,0,1,0
wgdnw@zsdsqs.com,0,1,0,0
wgdpqf@ywp.com,0,1,0,0
wgfrn@ryykmfz.com,1,0,0,0
wgidfn@osswio.com,0,0,0,1
wgjjvgr@oehny.com,1,0,0,0
wgpir@vwdd.com,1,0,0,0
whcnkwnmcb@thko.com,0,1,0,0
whxbta@aqk.com,0,0,0,1
widcbrho@qkbvjp.com,0,0,0,1
wignapppo@vnehj.com,0,0,1,0
wixjxm@ffw.com,0,1,0,0
wizcqrqmcx@nwedl.com,0,1,0,0
wizvcyyhl@igcv.com,1,0,0,0
wizzmc@riyy.com,0,0,0,1
wjdmodecwy@mmksv.com,0,0,0,1
wjkkxrof@tybdp.com,1,0,0,0
wjmnvb@nrf.com,0,0,0,1
wjovfxp@zhyjle.com,0,0,1,0
wkeqftol@oxue.com,0,0,0,1
wkjoyi@ynzuv.com,1,0,0,0
wkwggz@usf.com,1,0,0,0
wkyvpa@rgs.com,1,0,0,0
wlaszun@orbwe.com,1,0,0,0
wlbpedb@kggmmr.com,0,0,0,1
wldfnxpuid@voz.com,1,0,0,0
wljzwpg@dcermll.com,0,0,0,1
wlllr@ntwthl.com,0,0,1,0
wlnwbco@gqkbr.com,0,1,0,0
wlumu@qgqaxk.com,0,0,0,1
wmhrmzzkf@jubnoxa.com,0,1,0,0
wmmpqwwrdx@oif.com,1,0,0,0
wmstveif@bwwnos.com,1,0,0,0
wmxxmbqyg@ubluleh.com,0,0,0,1
wnjhm@cvfewq.com,0,1,0,0
wnuaeit@ehzxecv.com,0,1,0,0
woaokxs@jqgyn.com,0,0,0,1
woewe@syjnyli.com,0,0,1,0
wohywle@waarn.com,0,0,0,1
wojdb@tbasg.com,0,0,0,1
wompkmnz@vdgcqvz.com,0,0,1,0
woppaxvy@xbb.com,0,0,0,1
woudjpst@omvjh.com,0,0,1,0
wpoatagz@qwlt.com,0,1,0,0
wpoenbi@uahcx.com,1,0,0,0
wppqastqo@cmbbyog.com,0,0,0,1
wpvchos@wabei.com,0,1,0,0
wpvgakh@bsbbf.com,0,1,0,0
wpzifupiiq@qffmzwz.com,0,1,0,0
wqhlwt@vuqq.com,0,1,0,0
wqxbhyvmr@uajiifh.com,0,0,0,1
wrmteqlv@cii.com,0,0,1,0
wroayupmao@ffgxt.com,1,0,0,0
wrpekud@yontcms.com,0,0,0,1
wrpjnpc@uyhzg.com,1,0,0,0
wrttl@slx.com,0,0,1,0
wsaubwhb@jibpihc.com,0,0,1,0
wsjcvlo@lwbeq.com,0,1,0,0
wswclcj@iqlaj.com,1,0,0,0
wszowaptlj@xrob.com,0,0,0,1
wteer@hoe.com,0,0,1,0
wthfj@lcuebdf.com,0,0,1,0
wtwvq@fdnkfaa.com,0,1,0,0
wuecupejbm@elaon.com,0,1,0,0
wumstesk@gafjruu.com,0,0,0,1
wumvi@vawkea.com,0,0,1,0
wuunxr@afzz.com,1,0,0,0
wuyglp@vymduh.com,0,1,0,0
wuyjf@nzkrp.com,0,0,0,1
wvbrhg@jabdoxz.com,0,0,1,0
wvdbovzolc@wluejch.com,0,0,1,0
wvizhr@zmtqker.com,0,0,0,1
wvkuzjm@dcmo.com,0,0,1,0
wvpgwoezfh@lil.com,0,0,1,0
wvtaorw@klilqp.com,0,0,0,1
wvvbs@kmovuwh.com,0,1,0,0
wvwfm@owlcmpj.com,0,0,1,0
wvyxgyb@ezbmkq.com,1,0,0,0
wwaomns@ajpc.com,0,1,0,0
wwbijyzsns@ogjq.com,0,1,0,0
wwcrcxek@yjhdcw.com,1,0,0,0
wwtvyyi@nttgj.com,0,0,1,0
wwwzxk@wvg.com,1,0,0,0
wxdknoss@luww.com,0,0,1,0
wxsaroj@siw.com,0,1,0,0
wxwsj@ike.com,1,0,0,0
wyaar@qwetets.com,0,1,0,0
wydig@aqkbz.com,0,1,0,0
wyfki@imr.com,0,0,1,0
wyvyhwdy@iknr.com,0,1,0,0
wzppmt@yfew.com,0,0,1,0
wzsdpkk@lcxbft.com,0,0,0,1
wzshobc@sgo.com,0,0,0,1
wzsveaaq@wbp.com,0,0,0,1
xaabjb@qfta.com,0,0,1,0
xaigts@ezfohcg.com,0,0,0,1
xapzxpdbe@syxxue.com,0,0,0,1
xawsmyrlus@czcrxvy.com,0,0,0,1
xayojr@ngpkrlm.com,0,0,1,0
xbftlytrhk@tzbpaw.com,0,0,1,0
xbgoe@pnsca.com,0,0,0,1
xbwokmd@rpo.com,1,0,0,0
xbwownxb@tdr.com,0,1,0,0
xbxllfqya@hbqy.com,0,1,0,0
xcdrka@tojxt.com,0,0,1,0
xcgtjew@revvlg.com,0,0,1,0
xcpcdy@knq.com,1,0,0,0
xcyvjpiy@nek.com,1,0,0,0
xdnxunoq@beabsho.com,0,0,1,0
xdtwlldnwh@ffrqd.com,1,0,0,0
xdtzlive@ocdtsz.com,1,0,0,0
xdupvxpuu@yhv.com,1,0,0,0
xdxhr@lrgsdg.com,0,0,1,0
xdzaumo@flpl.com,1,0,0,0
xeeatbkdv@aietgi.com,0,0,0,1
xfeeb@uppwvr.com,0,1,0,0
xfnzj@daqkoi.com,0,0,1,0
xfvblmo@xvnb.com,0,1,0,0
xfxaw@bpltzw.com,0,0,1,0
xfzoig@puulas.com,0,0,0,1
xgamnz@rjlo.com,0,0,0,1
xgcde@pylwc.com,0,0,0,1
xghbr@olnjqj.com,0,0,0,1
xgnaea@kil.com,1,0,0,0
xgtzbelw@ekaz.com,0,1,0,0
xheidt@dldc.com,0,0,0,1
xhgpuc@nrf.com,1,0,0,0
xhiffho@lnnotth.com,0,0,0,1
xhmpoitj@orxweu.com,0,0,1,0
xhsav@knaw.com,0,0,0,1
xhwriumdi@gap.com,0,0,0,1
xichiksta@nndmqx.com,0,0,1,0
xijdsvbd@eqqgcbb.com,0,0,1,0
xiowonht@pwkxu.com,0,1,0,0
xixtq@cmh.com,0,1,0,0
xjfpq@uojfrhg.com,0,0,0,1
xjkhfjn@jgsyk.com,0,0,0,1
xjknqwx@lrbmhl.com,0,0,1,0
xjxwsu@qscjihf.com,1,0,0,0
xjzmmzcq@pevkwl.com,1,0,0,0
xkpnqr@aoq.com,1,0,0,0
xktmqqvnm@epowp.com,0,1,0,0
xkulq@qsndfj.com,0,0,0,1
xkyqhp@xwvj.com,1,0,0,0
xlzovkqojw@bpyrf.com,0,1,0,0
xmalarpkfo@anihwf.com,0,0,0,1
xmhwclu@mqaawig.com,0,0,0,1
xmlnboah@lzwaz.com,0,0,1,0
xmmkdgui@rccvt.com,0,1,0,0
xmsvo@tmjaw.com,0,0,0,1
xmtasexz@ipbkvrd.com,0,0,1,0
xmxjysdq@pqe.com,1,0,0,0
xnfpsqq@bbrv.com,0,1,0,0
xnnskk@bjso.com,1,0,0,0
xnsocpuvk@fvdzl.com,0,0,0,1
xnvmaxt@vnlz.com,0,0,1,0
xoaivml@cpn.com,1,0,0,0
xohjhozbw@zxzlh.com,1,0,0,0
xosdbx@szujs.com,0,0,0,1
xoypuw@qpnxjbf.com,0,0,0,1
xpbxew@vxsfy.com,0,1,0,0
xpdddundu@ovr.com,0,0,0,1
xpgsgthuv@beij.com,1,0,0,0
xpozeahfxz@amp.com,1,0,0,0
xpqucic@fvdxz.com,0,0,0,1
xpwtcnxr@leet.com,0,0,1,0
xqhwvi@xxi.com,0,0,0,1
xqjqsyaz@jvek.com,0,0,0,1
xqrxcdoswl@zlm.com,0,1,0,0
xqsayyutaq@yetp.com,0,1,0,0
xqssgchs@dwsq.com,0,0,1,0
xqtlkhoxzr@jjergo.com,0,0,0,1
xraico@ptzcyv.com,0,0,0,1
xreogrz@ugo.com,0,0,0,1
xriugjqv@smpaa.com,0,0,1,0
xrqiotpvy@grnh.com,0,0,0,1
xrtano@ommstua.com,0,0,1,0
xrtqsdg@bbycuvm.com,0,0,0,1
xsesg@wyezoe.com,0,0,1,0
xsnsoytqt@bnalae.com,0,0,0,1
xtfcqnhmo@njhdlfd.com,1,0,0,0
xtkzth@ujqhot.com,1,0,0,0
xtvuoxijdb@aqihql.com,0,1,0,0
xtzwdc@rmi.com,0,1,0,0
xuckk@rbli.com,0,0,0,1
xuffs@abhuxgy.com,0,0,1,0
xuoqpff@xncus.com,0,0,0,1
xuvawg@vhs.com,1,0,0,0
xuzyk@vtxqm.com,0,0,0,1
xvbou@vkscvlj.com,0,0,0,1
xvgchsjv@vvq.com,0,0,0,1
xvibxhff@gjatmpx.com,1,0,0,0
xvirqhw@vxp.com,0,0,1,0
xvjxnwoxhp@behulv.com,1,0,0,0
xvtiprsaz@ahaumeu.com,0,1,0,0
xwtgp@mljvyc.com,0,1,0,0
xwtuwzl@aahg.com,0,1,0,0
xwzngssjep@ggjbwph.com,0,1,0,0
xxfqzjmwn@oeg.com,0,0,0,1
xxipwr@ddwahu.com,0,0,1,0
xxsyxl@pxnqsu.com,0,0,1,0
xxwldhxsd@bmctgl.com,0,0,0,1
xxwxvgscot@yzqk.com,1,0,0,0
xydokv@iygsk.com,0,1,0,0
xydvkdd@qimzmx.com,0,0,1,0
xyrgsj@jqns.com,0,0,0,1
xysoa@eytm.com,0,1,0,0
xzcug@hbnm.com,0,0,1,0
xzeig@ifrbeav.com,1,0,0,0
xzewr@whs.com,1,0,0,0
xzfdeffhur@pofxom.com,0,0,0,1
xzgqgmsxwj@ztrrvm.com,0,0,0,1
xzjunvbnu@biclh.com,0,1,0,0
xzouzjoqrw@rthqrl.com,0,0,1,0
xzqynb@xdssh.com,0,0,1,0
xzrpd@djuh.com,0,1,0,0
xzvflpww@uamtrja.com,1,0,0,0
xzylbhxp@nsiwd.com,0,1,0,0
yaaggihgpu@kkuoiwz.com,0,0,1,0
yafdfg@zwseon.com,0,0,1,0
yaikdbcy@jxexr.com,1,0,0,0
ybntbomd@qikofk.com,0,1,0,0
ybozonk@irzdgkh.com,1,0,0,0
ybweanwj@jwifafq.com,0,0,0,1
yccbvlk@ptzliuj.com,0,0,0,1
ycjonezzt@xpnai.com,1,0,0,0
ycnidgpin@rnqhj.com,0,0,1,0
yczrdp@avpidr.com,0,0,1,0
ydegdnugnl@chp.com,0,1,0,0
ydjblru@zlwkd.com,0,0,1,0
ydlyxuy@hgc.com,0,1,0,0
ydpofr@ovx.com,0,0,1,0
ydwoldhepv@qszknqq.com,0,0,1,0
ydxissgps@cdnmuj.com,0,0,0,1
yeiiu@osfui.com,0,0,0,1
yejwgmbhpw@jqollrt.com,0,0,1,0
yeoleb@cxbg.com,0,0,0,1
yerdms@per.com,0,0,1,0
yesmgjjzli@lcpwdbt.com,0,0,1,0
yesmzran@levr.com,0,0,0,1
yetvlbytm@joqi.com,0,1,0,0
yezbcqsk@ulosumx.com,0,0,1,0
yfpehknlcw@lblczj.com,0,1,0,0
yfysbum@rixlo.com,0,0,0,1
yfytjp@vky.com,0,0,1,0
ygaoxm@ncpoit.com,1,0,0,0
yggjbau@mbgemz.com,0,0,1,0
ygowg@dwtsqc.com,0,0,0,1
ygtzyy@wtkhc.com,1,0,0,0
ygwffbo@muoxgz.com,0,1,0,0
ygxjat@ckcnky.com,0,0,0,1
yhfejhahxz@rlvi.com,1,0,0,0
yhopkqlatw@zoqcm.com,0,1,0,0
yhstanby@tnwtpe.com,0,0,0,1
yhttys@rnrpkhi.com,0,0,1,0
yhykmgcvq@mcrytp.com,1,0,0,0
yicql@rocixqh.com,0,1,0,0
yiiwl@dpnp.com,0,0,1,0
yilkydvm@vop.com,1,0,0,0
yiuqzupgkr@dma.com,0,0,0,1
yizkugny@gzzg.com,0,0,1,0
yjkoo@tvrs.com,0,1,0,0
yjsgwksa@ilogq.com,0,0,0,1
yjsolsh@riledgq.com,0,1,0,0
yjuwlrotx@yfp.com,1,0,0,0
yjvffz@dvg.com,0,0,0,1
ykavlloxr@hqg.com,0,0,0,1
ykuuh@qmfh.com,1,0,0,0
ylgaq@lfhj.com,0,0,0,1
yliltqrg@ewtw.com,0,1,0,0
ylljknhiy@ejepwj.com,0,0,0,1
ylqxryoel@ugeb.com,0,0,0,1
yltgmznr@fam.com,0,0,0,1
ymedly@rtwxzqq.com,0,0,1,0
ymjhiro@yuvyaxo.com,1,0,0,0
ymlcjnh@nnlwv.com,0,0,1,0
ympixycup@znaitl.com,0,1,0,0
ympnpyf@cxkqj.com,0,1,0,0
ymqqfyiac@gjrqfb.com,0,0,0,1
ymqyvtpmhm@ihctfi.com,1,0,0,0
ymtrkg@tgycdqh.com,1,0,0,0
ynaiar@exzdcy.com,0,0,0,1
ynefzr@tlsqt.com,0,0,0,1
ynfayhlk@opeup.com,1,0,0,0
ynkmsnmsnj@bpom.com,1,0,0,0
ynmlnkkjf@mndxgp.com,0,0,0,1
ynnsm@whhzoa.com,0,0,1,0
ynrrbsv@yiozpvy.com,0,1,0,0
ynzcx@rtkib.com,0,0,0,1
yofdmc@ibbano.com,0,0,1,0
yooykzgfuk@euhp.com,1,0,0,0
ypeermhth@wzt.com,0,0,1,0
yphqn@uus.com,0,0,0,1
yqaxg@hxkmcuu.com,0,0,0,1
yqbzz@dvwmphi.com,0,0,1,0
yqgazhgdqo@yqafysi.com,0,1,0,0
yqkhsenxsj@idmvbwb.com,0,0,0,1
yqtjyojl@yjvvg.com,0,0,0,1
yqxvi@omygeyw.com,1,0,0,0
yqxzvnn@xxlt.com,0,0,1,0
yravux@yxg.com,1,0,0,0
yrcmfdp@dzik.com,0,0,0,1
yrjpbk@wpqyuf.com,1,0,0,0
yrtjfzemx@nkrb.com,1,0,0,0
yrwlswiur@upvpgxj.com,0,0,0,1
yrxisi@lcmrux.com,0,0,0,1
yryaohy@dfgik.com,0,0,0,1
ysappj@vtot.com,0,1,0,0
ysfodav@pwodpx.com,0,0,0,1
yslha@ykpgodo.com,0,1,0,0
ysmffo@jcbc.com,0,0,0,1
ysnsiaxlwa@zzbdbmv.com,1,0,0,0
ysugugj@rehuu.com,0,0,0,1
ytgaxer@kpe.com,0,1,0,0
ythld@jxmn.com,0,0,1,0
ytvseglqv@hrqu.com,0,1,0,0
ytxvu@lbfdju.com,0,1,0,0
yuioobkxs@tbqg.com,0,0,1,0
yukkbmur@zvuugrr.com,1,0,0,0
yvfde@qfvi.com,0,0,1,0
yvhkuf@qof.com,1,0,0,0
yvuiptsynb@ntsjwa.com,0,1,0,0
ywagd@tbxaaqc.com,0,0,1,0
ywoyhlb@lmxg.com,0,0,1,0
ywqhm@mtbiaqn.com,0,0,0,1
ywuti@kzz.com,1,0,0,0
ywwdpxl@ozt.com,0,0,1,0
ywzbyuq@atthay.com,1,0,0,0
ywzdl@ygt.com,0,1,0,0
yxgzaq@pay.com,1,0,0,0
yxhnjkxcds@nozuuw.com,0,0,0,1
yxmprpzddl@wktr.com,1,0,0,0
yxwny@lzdf.com,1,0,0,0
yybsfnakll@lbvlv.com,1,0,0,0
yyjdd@fej.com,0,0,0,1
yyjpnav@srzx.com,0,0,1,0
yzhvxk@gjnsk.com,0,0,0,1
yzklwydor@vwpo.com,0,0,1,0
yzomrkvduv@wohyb.com,1,0,0,0
yzvptw@dauad.com,0,0,0,1
yzwuscs@gje.com,0,0,1,0
zapivtz@jkt.com,0,1,0,0
zawmw@bhbjfjz.com,0,0,1,0
zbfbhyi@ahoktr.com,0,1,0,0
zbulwed@shjc.com,0,0,1,0
zbuphbd@djzyfj.com,0,0,0,1
zbwkqkkx@vujk.com,0,0,1,0
zbzmj@monsk.com,0,0,0,1
zcikkxwn@fobw.com,0,1,0,0
zcland@ywmpaiw.com,0,0,0,1
zcloohyj@eptgb.com,0,0,0,1
zcodjilg@csklxsr.com,1,0,0,0
zcogcjb@wuqh.com,0,1,0,0
zcqsmg@fhvq.com,0,0,1,0
zdrsh@vhawtar.com,0,0,1,0
zdtzbm@slipgl.com,1,0,0,0
zdwjus@nfo.com,0,1,0,0
zdxxkttva@qrf.com,0,0,1,0
zedeh@atnelx.com,0,1,0,0
zednffuzge@hjm.com,0,0,0,1
zehupohfn@dxtrl.com,0,1,0,0
zeieae@pqt.com,0,1,0,0
zeqjfiebm@blalwb.com,0,1,0,0
zfaos@zxyde.com,0,0,0,1
zfggdfxkr@holeh.com,0,1,0,0
zfgloe@gkvvnm.com,0,0,0,1
zfvpv@rnffvj.com,0,0,0,1
zfypc@bnhtpbj.com,0,1,0,0
zgnzzr@vnd.com,0,0,1,0
zhemcinb@hst.com,1,0,0,0
zhidiq@efgysw.com,0,1,0,0
zhiwrr@enxtgu.com,1,0,0,0
zhkhbti@roxi.com,0,0,1,0
zhpflgwon@apogd.com,0,0,1,0
zhxxug@axidcgu.com,0,0,0,1
zidwfya@iufukay.com,0,0,1,0
zirom@asotwlq.com,1,0,0,0
zjjdwx@kzd.com,0,1,0,0
zjksn@sis.com,0,0,0,1
zjueuuq@oeesx.com,0,0,1,0
zkbhb@ovq.com,0,0,1,0
zkbvjz@keqaypb.com,0,0,1,0
zkcioyhzm@odtsh.com,0,0,0,1
zkgngk@nccjxz.com,0,0,0,1
zksuov@odj.com,0,0,0,1
zlcac@yrslxwa.com,0,1,0,0
zlnqlung@dlzj.com,1,0,0,0
zlpobf@eck.com,1,0,0,0
zmagf@ponum.com,0,0,1,0
zmjgeykow@tazv.com,0,0,0,1
zmjxomv@jpmum.com,1,0,0,0
zmwhoo@clk.com,0,0,0,1
znnxznp@nkrnj.com,0,1,0,0
znrvtrrb@cgmpbu.com,0,0,0,1
zofzsvxoqs@mcc.com,0,1,0,0
zohrjbttgw@eqbd.com,0,0,1,0
zoktyb@uddzhtx.com,0,1,0,0
zoudt@mfd.com,0,0,1,0
zpckwxlbl@qijbzg.com,0,0,0,1
zpkakpzr@qmlquse.com,0,0,1,0
zplcoj@yymhb.com,0,1,0,0
zplnkw@hhwsv.com,0,1,0,0
zpqvio@blct.com,0,0,0,1
zpxlbw@zajicl.com,0,0,0,1
zqdhfu@lnojelf.com,0,0,1,0
zqftz@zqsnf.com,0,0,1,0
zqimeyyql@vmh.com,0,1,0,0
zqnovirfzs@taocmw.com,0,0,1,0
zqpyv@cznbmt.com,1,0,0,0
zqvai@zmjlh.com,0,0,1,0
zrimby@mslzxg.com,1,0,0,0
zrwkyz@acrizb.com,1,0,0,0
zsgmgin@jvtst.com,0,0,1,0
zshwro@vhtmftz.com,1,0,0,0
zsjef@vdewpni.com,0,0,1,0
zsjfcxfm@mjjc.com,1,0,0,0
zsmmx@zpthxc.com,0,0,1,0
zsriixdyj@tvlzoa.com,0,0,0,1
zsupqsizp@fmo.com,0,1,0,0
zsvsf@ezageqf.com,0,0,1,0
ztldbdj@wdqblx.com,0,1,0,0
ztnqb@xod.com,1,0,0,0
zuatz@rauin.com,0,1,0,0
zuger@merlf.com,0,0,0,1
zujjsfjtx@ybpabl.com,0,0,0,1
zusxrymurq@atoaycl.com,0,0,0,1
zuwdelbkj@jkihq.com,0,0,1,0
zuxeoun@tekjxur.com,0,0,1,0
zvlposp@llcmfl.com,0,1,0,0
zwnlucqhx@asog.com,0,0,0,1
zwqwhodxk@thm.com,0,1,0,0
zwsblc@etka.com,1,0,0,0
zwstbwgk@jki.com,0,1,0,0
zwuxhsllv@iznqb.com,0,0,1,0
zwvkfeou@juvft.com,0,0,0,1
zxhdmsqse@mxeuyzf.com,0,0,0,1
zxnzt@tgd.com,0,1,0,0
zxrrr@gcrhhz.com,0,1,0,0
zxuuvfvndl@ztiagbj.com,0,0,1,0
zyajgrbh@kivaneb.com,0,1,0,0
zylvhvvd@kbh.com,1,0,0,0
zylzpcwxq@cuezab.com,1,0,0,0
zyvtwqf@qruk.com,0,1,0,0
zywjxqoj@gxe.com,0,0,0,1
zyxapeykt@bax.com,0,0,0,1
zzkzi@tmbcnjv.com,0,0,1,0
zzmpgwt@pub.com,0,0,0,1
zzpdvct@wxiaj.com,0,1,0,0
zzqpk@kebpbru.com,0,0,1,0
zzvgsull@xtuzo.com,0,1,0,0
zzwfmowmk@zoozpqa.com,0,1,0,0
zzyaux@jxc.com,0,0,0,1
zzzwxzv@maq.com,0,0,0,1
